aaload,dup,3
aaload,invokestatic,1
aastore,iinc,1
aconst_null,invokespecial,1
aload,iload,5
aload,invokevirtual,2
aload_0,getfield,18
aload_0,invokespecial,4
aload_0,aload_0,2
aload_0,aload_1,2
aload_0,aload_2,2
aload_0,dload_1,2
aload_0,dup,2
aload_0,iload,2
aload_0,ldc,2
aload_0,putstatic,2
aload_0,aload_3,1
aload_0,arraylength,1
aload_0,iconst_0,1
aload_0,iload_1,1
aload_0,invokestatic,1
aload_0,invokevirtual,1
aload_1,arraylength,2
aload_1,iload,2
aload_1,aload_2,1
aload_1,invokestatic,1
aload_1,ldc,1
aload_1,putfield,1
aload_2,aload_3,2
aload_2,iload_3,2
aload_2,iload,1
aload_2,invokespecial,1
aload_2,invokevirtual,1
aload_2,ldc,1
aload_2,putfield,1
aload_3,aload,1
aload_3,invokespecial,1
aload_3,ldc,1
aload_3,putfield,1
anewarray,astore,1
arraylength,istore,2
arraylength,ifle,1
astore,aload,2
astore,iconst_0,2
astore_0,aload_0,1
astore_2,getstatic,1
astore_2,iload_1,1
astore_3,iload_1,1
bipush,istore_2,1
dadd,dstore,4
dadd,putfield,2
daload,dmul,4
daload,aload_0,2
dastore,iinc,3
dconst_0,dstore,4
dconst_1,dastore,1
dconst_1,iload_3,1
ddiv,dreturn,1
ddiv,invokestatic,1
dload,aload,2
dload,dastore,2
dload,getstatic,2
dload,ddiv,1
dload,dload,1
dload_1,putfield,2
dmul,dadd,4
dstore,iconst_0,3
dstore,iinc,2
dstore,dconst_0,1
dstore,dload,1
dstore,goto,1
dup,ifnonnull,5
dup,getfield,2
dup,aconst_null,1
dup,aload_2,1
dup,iload,1
dup,invokespecial,1
dup,ldc,1
getfield,aload_0,6
getfield,iload_1,4
getfield,dreturn,2
getfield,invokespecial,2
getfield,istore,2
getfield,istore_3,2
getfield,istore_1,1
getfield,istore_2,1
getstatic,dup,2
getstatic,aload_2,1
getstatic,areturn,1
getstatic,getstatic,1
getstatic,iload,1
getstatic,iload_1,1
getstatic,iload_3,1
getstatic,new,1
goto,iload,5
goto,iload_1,2
goto,iload_3,2
goto,iinc,1
goto,istore,1
goto,return,1
i2d,ddiv,1
iadd,iconst_1,2
iadd,goto,1
iadd,iload_1,1
iadd,imul,1
iadd,istore_3,1
iconst_0,istore,5
iconst_0,aaload,1
iconst_0,istore_1,1
iconst_1,iadd,2
iconst_1,isub,1
iconst_1,iushr,1
idiv,istore,1
if_icmpge,dconst_0,2
if_icmpge,dload,2
if_icmpge,iload,2
if_icmpge,aload_0,1
if_icmpge,aload_2,1
if_icmpge,nop,1
if_icmpgt,aload_0,1
ifle,aload_0,1
ifnonnull,invokestatic,5
iinc,goto,9
iload,iload,9
iload,if_icmpge,7
iload,aaload,3
iload,daload,2
iload,invokespecial,2
iload,istore,2
iload,putfield,2
iload,anewarray,1
iload,dconst_1,1
iload,iadd,1
iload,iconst_1,1
iload,idiv,1
iload,iload_3,1
iload,imul,1
iload,invokestatic,1
iload,new,1
iload_1,iload_2,5
iload_1,daload,4
iload_1,newarray,3
iload_1,istore,2
iload_1,iadd,1
iload_1,iload,1
iload_1,invokespecial,1
iload_2,iadd,2
iload_2,if_icmpge,1
iload_2,if_icmpgt,1
iload_2,invokespecial,1
iload_3,iload,3
iload_3,dload,2
iload_3,i2d,1
iload_3,invokestatic,1
imul,iconst_1,1
imul,istore,1
invokespecial,return,3
invokespecial,aload_0,2
invokespecial,getstatic,2
invokespecial,invokevirtual,2
invokespecial,putstatic,2
invokespecial,aastore,1
invokespecial,astore_0,1
invokespecial,dreturn,1
invokespecial,iinc,1
invokestatic,invokevirtual,6
invokestatic,aload_0,2
invokestatic,aload_1,2
invokestatic,return,2
invokestatic,aload_2,1
invokestatic,aload_3,1
invokestatic,areturn,1
invokestatic,dreturn,1
invokestatic,istore_1,1
invokestatic,sipush,1
invokevirtual,return,3
invokevirtual,dadd,2
invokevirtual,pop,2
invokevirtual,astore_2,1
invokevirtual,dload,1
invokevirtual,iinc,1
invokevirtual,iload_1,1
invokevirtual,istore,1
istore,iload,9
istore,aload_1,2
istore,iload_3,2
istore,aload,1
istore,getstatic,1
istore,iload_1,1
istore_1,aload_0,2
istore_1,bipush,1
istore_1,getstatic,1
istore_2,iload_1,2
istore_3,aload_0,2
istore_3,dconst_1,1
isub,if_icmpge,1
iushr,iload_1,1
ldc,invokestatic,5
ldc,invokespecial,1
new,dup,5
newarray,astore,1
newarray,astore_2,1
newarray,astore_3,1
nop,aload,1
nop,aload_0,1
pop,aload_0,1
pop,goto,1
putfield,aload_0,6
putfield,return,2
putfield,iinc,1
putstatic,return,3
putstatic,new,1
sipush,istore_1,1
