aaload,dup,5
aaload,astore_3,1
aastore,nop,1
aconst_null,astore_3,4
aconst_null,areturn,1
aconst_null,astore_1,1
aconst_null,checkcast,1
aconst_null,invokevirtual,1
aload,invokevirtual,8
aload,checkcast,6
aload,aload,5
aload,dup,5
aload,astore,3
aload,arraylength,2
aload,athrow,2
aload,iload,2
aload,invokestatic,2
aload,aastore,1
aload,iconst_1,1
aload,invokeinterface,1
aload_0,getfield,45
aload_0,invokevirtual,16
aload_0,aload_0,5
aload_0,aload_1,5
aload_0,new,5
aload_0,iload_2,4
aload_0,iload_1,3
aload_0,iload_3,3
aload_0,invokespecial,3
aload_0,aload_3,2
aload_0,bipush,2
aload_0,dup,2
aload_0,iconst_0,2
aload_0,iconst_4,2
aload_0,ldc,2
aload_0,aload,1
aload_0,getstatic,1
aload_0,iload,1
aload_0,putstatic,1
aload_1,invokevirtual,6
aload_1,aload_3,4
aload_1,ldc,3
aload_1,iload,2
aload_1,invokespecial,2
aload_1,astore_3,1
aload_1,checkcast,1
aload_1,getstatic,1
aload_1,iconst_0,1
aload_1,putfield,1
aload_3,astore,3
aload_3,aload,2
aload_3,checkcast,2
aload_3,dup,2
aload_3,invokeinterface,1
aload_3,invokespecial,1
aload_3,invokestatic,1
anewarray,putstatic,1
arraylength,irem,5
arraylength,iconst_1,2
arraylength,ifne,1
arraylength,istore,1
arraylength,istore_3,1
arraylength,newarray,1
astore,aload,14
astore,astore,4
astore,getstatic,3
astore,iconst_0,3
astore,aload_3,2
astore,aload_0,1
astore,istore,1
astore,nop,1
astore_0,aload_0,1
astore_1,aconst_null,1
astore_1,aload_1,1
astore_1,nop,1
astore_2,return,2
astore_3,aload_3,3
astore_3,aload_1,2
astore_3,iconst_0,2
astore_3,aconst_null,1
astore_3,return,1
baload,bastore,2
bastore,dup,17
bastore,iinc,2
bastore,putfield,2
bastore,iload,1
bastore,return,1
bipush,i2b,21
bipush,bipush,9
bipush,ldc2_w,9
bipush,putstatic,3
bipush,newarray,2
checkcast,invokespecial,6
checkcast,iload_2,3
checkcast,astore,2
checkcast,astore_3,2
checkcast,invokevirtual,2
checkcast,areturn,1
checkcast,astore_1,1
d2f,fastore,1
dadd,dstore,1
daload,dadd,1
dastore,dup,17
dastore,putfield,2
dconst_0,dstore,1
dload,aload,1
dload,d2f,1
dstore,aload_0,1
dstore,iload_1,1
dup,bipush,18
dup,ldc,10
dup,ifnonnull,6
dup,ifnull,6
dup,iconst_0,5
dup,iconst_1,5
dup,invokespecial,5
dup,getstatic,4
dup,iconst_2,4
dup,iconst_3,4
dup,getfield,2
dup,iconst_4,2
dup,iconst_5,2
dup,iload,1
faload,fload,2
faload,fstore,2
fastore,iinc,2
fastore,aload_0,1
fcmpg,ifge,2
fconst_0,fstore,1
fconst_1,getstatic,1
fconst_2,fastore,1
fdiv,putstatic,1
fload,fcmpg,2
fmul,fastore,1
fstore,iconst_0,3
getfield,invokevirtual,8
getfield,aload_0,6
getfield,iload_1,4
getfield,areturn,3
getfield,arraylength,3
getfield,ireturn,3
getfield,aload_1,2
getfield,astore,2
getfield,goto,2
getfield,iadd,2
getfield,if_icmpge,2
getfield,iload,2
getfield,iload_3,2
getfield,getstatic,1
getfield,iconst_1,1
getfield,idiv,1
getfield,ifne,1
getfield,irem,1
getfield,istore,1
getstatic,getstatic,9
getstatic,aload,6
getstatic,iload,6
getstatic,arraylength,5
getstatic,invokevirtual,5
getstatic,astore,4
getstatic,imul,4
getstatic,invokestatic,4
getstatic,istore,4
getstatic,new,3
getstatic,i2f,2
getstatic,isub,2
getstatic,aload_0,1
getstatic,checkcast,1
getstatic,fmul,1
getstatic,iadd,1
getstatic,irem,1
getstatic,ireturn,1
goto,iload,10
goto,return,4
goto,aload_0,3
goto,astore_3,2
goto,iadd,2
goto,iload_1,2
goto,invokevirtual,2
goto,aload,1
goto,anewarray,1
goto,astore,1
goto,goto,1
goto,ifeq,1
goto,ifne,1
goto,iload_2,1
i2b,bastore,21
i2f,fdiv,1
i2f,getstatic,1
iadd,aload_0,2
iadd,istore,2
iadd,putfield,2
iadd,getstatic,1
iadd,iadd,1
iadd,istore_3,1
iconst_0,istore,14
iconst_0,istore_3,3
iconst_0,bipush,2
iconst_0,istore_1,2
iconst_0,istore_2,2
iconst_0,ldc2_w,2
iconst_0,aaload,1
iconst_0,getstatic,1
iconst_0,goto,1
iconst_0,ifeq,1
iconst_0,ifne,1
iconst_0,invokespecial,1
iconst_0,newarray,1
iconst_0,putfield,1
iconst_1,isub,5
iconst_1,iadd,3
iconst_1,bipush,2
iconst_1,goto,2
iconst_1,ldc2_w,2
iconst_1,anewarray,1
iconst_1,getstatic,1
iconst_1,if_icmple,1
iconst_1,invokespecial,1
iconst_1,invokevirtual,1
iconst_2,bipush,2
iconst_2,ldc2_w,2
iconst_2,imul,1
iconst_3,bipush,2
iconst_3,ldc2_w,2
iconst_3,imul,1
iconst_4,newarray,2
iconst_4,bipush,1
iconst_4,ldc2_w,1
iconst_5,bipush,1
iconst_5,imul,1
iconst_5,ldc2_w,1
idiv,istore,2
idiv,iload_2,1
idiv,putfield,1
if_icmpge,getstatic,7
if_icmpge,aload_0,4
if_icmpge,dload,1
if_icmpge,iconst_0,1
if_icmpge,iload_1,1
if_icmple,invokestatic,1
ifeq,aload_0,2
ifeq,aload,1
ifeq,aload_1,1
ifge,iinc,2
ifle,aload_0,3
ifne,iconst_1,2
ifne,iconst_0,1
ifnonnull,new,4
ifnonnull,invokestatic,2
ifnull,invokevirtual,4
ifnull,aload_1,2
iinc,goto,14
iinc,aload_0,2
iinc,faload,2
iload,iload,13
iload,if_icmpge,8
iload,invokespecial,5
iload,getstatic,3
iload,imul,3
iload,aload_0,2
iload,idiv,2
iload,ifle,2
iload,aload,1
iload,bipush,1
iload,daload,1
iload,dload,1
iload,iconst_1,1
iload,iload_2,1
iload,iload_3,1
iload,invokevirtual,1
iload,istore,1
iload,istore_2,1
iload,isub,1
iload,new,1
iload,newarray,1
iload_1,ifeq,2
iload_1,iinc,2
iload_1,iload_2,2
iload_1,aload_0,1
iload_1,goto,1
iload_1,iconst_1,1
iload_1,invokestatic,1
iload_1,putfield,1
iload_2,iload,5
iload_2,aload_0,3
iload_2,iinc,2
iload_2,iload_3,2
iload_2,istore,2
iload_2,getstatic,1
iload_2,iconst_2,1
iload_2,iconst_3,1
iload_2,iconst_5,1
iload_2,idiv,1
iload_2,if_icmpge,1
iload_2,imul,1
iload_2,invokespecial,1
iload_2,putfield,1
iload_3,baload,2
iload_3,faload,2
iload_3,aload_0,1
iload_3,iadd,1
iload_3,if_icmpge,1
iload_3,iload_2,1
iload_3,invokespecial,1
iload_3,newarray,1
imul,istore,3
imul,ldc,3
imul,isub,2
imul,getstatic,1
imul,iadd,1
imul,invokespecial,1
imul,putfield,1
invokeinterface,astore,1
invokeinterface,ifeq,1
invokespecial,aload_0,8
invokespecial,iinc,7
invokespecial,athrow,4
invokespecial,iconst_0,3
invokespecial,invokespecial,3
invokespecial,return,3
invokespecial,checkcast,2
invokespecial,getstatic,2
invokespecial,iload,2
invokespecial,putfield,2
invokespecial,putstatic,2
invokespecial,astore,1
invokespecial,astore_0,1
invokestatic,astore,4
invokestatic,invokevirtual,4
invokestatic,checkcast,3
invokestatic,aload_0,2
invokestatic,invokespecial,2
invokestatic,aload,1
invokestatic,getstatic,1
invokestatic,goto,1
invokestatic,iconst_1,1
invokestatic,istore,1
invokestatic,nop,1
invokestatic,sipush,1
invokevirtual,aload_0,12
invokevirtual,goto,7
invokevirtual,dup,6
invokevirtual,getstatic,5
invokevirtual,iload_2,3
invokevirtual,invokevirtual,3
invokevirtual,iconst_1,2
invokevirtual,if_icmpge,2
invokevirtual,iload_3,2
invokevirtual,invokespecial,2
invokevirtual,irem,2
invokevirtual,istore,2
invokevirtual,isub,2
invokevirtual,return,2
invokevirtual,aload,1
invokevirtual,arraylength,1
invokevirtual,astore,1
invokevirtual,checkcast,1
invokevirtual,ifle,1
invokevirtual,istore_2,1
invokevirtual,nop,1
irem,aaload,5
irem,putfield,3
irem,putstatic,1
istore,iload,15
istore,getstatic,6
istore,iload_2,6
istore,aload_0,3
istore,aload_1,2
istore,astore,2
istore,iconst_0,2
istore,aload,1
istore,goto,1
istore,iload_1,1
istore_1,aload_0,1
istore_1,iconst_0,1
istore_2,aload_1,2
istore_2,getstatic,1
istore_2,iconst_0,1
istore_2,iload_1,1
istore_3,aload_0,3
istore_3,fconst_0,1
istore_3,iload_2,1
isub,istore,5
isub,putfield,2
isub,bipush,1
isub,fconst_2,1
isub,goto,1
isub,imul,1
isub,invokespecial,1
ldc,invokestatic,10
ldc,invokespecial,5
ldc,iconst_0,1
ldc,iconst_1,1
ldc,putfield,1
ldc,putstatic,1
ldc2_w,dastore,19
new,dup,16
newarray,dup,4
newarray,putfield,4
nop,aload_0,3
nop,getstatic,2
nop,aload,1
nop,aload_3,1
nop,goto,1
nop,nop,1
pop,aconst_null,3
pop,return,2
putfield,aload_0,14
putfield,return,6
putfield,iconst_0,2
putfield,dconst_0,1
putfield,iload_2,1
putstatic,bipush,3
putstatic,sipush,3
putstatic,new,2
putstatic,aload_1,1
putstatic,fconst_1,1
putstatic,invokestatic,1
putstatic,ldc,1
putstatic,return,1
sipush,putstatic,3
sipush,istore_2,1
