dload,dload,dmul,dload,dload,6
dload,dmul,dload,dload,dmul,6
dmul,dload,dload,dmul,dadd,4
dstore,dload,dload,dmul,dload,4
aaload,astore,aload,invokevirtual,iinc,2
aload,arraylength,istore,iconst_0,istore,2
aload,astore,aload,arraylength,istore,2
aload,iload,aaload,astore,aload,2
aload,invokevirtual,iinc,goto,iload,2
arraylength,istore,iconst_0,istore,iload,2
astore,aload,arraylength,istore,iconst_0,2
astore,aload,invokevirtual,iinc,goto,2
dadd,dstore,dload,dload,dmul,2
dadd,dstore,dload,dstore,dload,2
dadd,getstatic,iload_1,daload,dadd,2
dadd,ldc2_w,dcmpl,ifle,iload,2
daload,dadd,dstore,dload,dload,2
daload,dadd,dstore,dload,dstore,2
daload,dstore,getstatic,iload_1,daload,2
dload,dload,dmul,dadd,getstatic,2
dload,dload,dmul,dadd,ldc2_w,2
dload,dload,dmul,dsub,getstatic,2
dload,dmul,dadd,getstatic,iload_1,2
dload,dmul,dadd,ldc2_w,dcmpl,2
dload,dmul,dsub,getstatic,iload_0,2
dload,dstore,dload,dload,dmul,2
dload,dstore,dload,dstore,dload,2
dmul,dadd,getstatic,iload_1,daload,2
dmul,dadd,ldc2_w,dcmpl,ifle,2
dmul,dload,dload,dmul,dsub,2
dmul,dsub,getstatic,iload_0,iload_3,2
dstore,dload,dstore,dload,dload,2
dstore,dload,dstore,dload,dstore,2
dstore,getstatic,iload_1,daload,dstore,2
dsub,getstatic,iload_0,iload_3,iadd,2
getstatic,iload,iload,i2d,dload_2,2
getstatic,iload_0,iload_3,iadd,daload,2
getstatic,iload_0,iload_3,iadd,iconst_1,2
getstatic,iload_1,daload,dadd,dstore,2
goto,iload,iload,if_icmpge,aload,2
goto,iload_2,iconst_2,ishl,iload,2
iadd,daload,dadd,dstore,dload,2
iadd,daload,dstore,getstatic,iload_1,2
iconst_0,istore,iload,iload,if_icmpge,2
iconst_0,istore,iload,iload_1,if_icmpge,2
iconst_3,if_icmpne,goto,iload_2,iconst_2,2
if_icmpge,aload,iload,aaload,astore,2
if_icmpne,goto,iload_2,iconst_2,ishl,2
iinc,goto,iload,iload,if_icmpge,2
iinc,goto,iload,iload_1,if_icmpge,2
iload,aaload,astore,aload,invokevirtual,2
iload,iconst_3,if_icmpne,goto,iload_2,2
iload,if_icmpge,aload,iload,aaload,2
iload,iload,i2d,dload_2,dmul,2
iload,iload,if_icmpge,aload,iload,2
iload_0,iload_3,iadd,iconst_1,iadd,2
iload_1,bipush,iadd,newarray,putstatic,2
iload_1,daload,dadd,dstore,dload,2
iload_3,iadd,iconst_1,iadd,daload,2
invokevirtual,iinc,goto,iload,iload,2
ior,istore,iload,iconst_3,if_icmpne,2
istore,iconst_0,istore,iload,iload,2
istore,iload,iconst_3,if_icmpne,goto,2
istore,iload,iload,if_icmpge,aload,2
aaload,invokestatic,goto,getstatic,invokevirtual,1
aaload,invokestatic,istore_1,iload_1,bipush,1
aaload,invokevirtual,iinc,goto,iload,1
aastore,iinc,goto,iload,aload,1
aload,arraylength,if_icmpge,aload,iload,1
aload,getstatic,iload,aaload,invokevirtual,1
aload,iload,new,dup,invokespecial,1
aload,iload_1,iload_1,invokedynamic,invokevirtual,1
aload_0,arraylength,iconst_1,if_icmplt,aload_0,1
aload_0,iconst_0,aaload,invokestatic,istore_1,1
aload_1,arraylength,if_icmpge,aload_1,iload_2,1
aload_1,iload_2,iload_2,bipush,imul,1
anewarray,astore,iconst_0,istore,iload,1
arraylength,iconst_1,if_icmplt,aload_0,iconst_0,1
arraylength,if_icmpge,aload,iload,new,1
arraylength,if_icmpge,aload_1,iload_2,iload_2,1
arraylength,if_icmpge,iload_1,getstatic,iload_1,1
astore,aload,iload_1,iload_1,invokedynamic,1
astore,iconst_0,istore,iload,aload,1
bastore,iinc,goto,iload_2,aload_1,1
bipush,iadd,bipush,idiv,multianewarray,1
bipush,iadd,newarray,putstatic,iload_1,1
bipush,iadd,newarray,putstatic,ldc2_w,1
bipush,idiv,multianewarray,putstatic,iconst_2,1
bipush,if_icmpge,getstatic,iload_0,iload_3,1
bipush,imul,iload_0,invokestatic,i2b,1
bipush,istore,dload,dload,dmul,1
daload,dstore,getstatic,iload_0,iload_3,1
daload,dstore,iconst_0,istore,bipush,1
dastore,getstatic,iload,iload,i2d,1
dastore,iinc,goto,iload,iload_1,1
dcmpl,ifle,iload,iconst_1,ior,1
dcmpl,ifle,iload,iconst_2,ior,1
dconst_1,dsub,dastore,getstatic,iload,1
ddiv,dstore_2,iconst_0,istore,iload,1
dload_2,dmul,dconst_1,dsub,dastore,1
dload_2,dmul,ldc2_w,dsub,dastore,1
dmul,dconst_1,dsub,dastore,getstatic,1
dmul,ldc2_w,dsub,dastore,iinc,1
dstore,getstatic,iload_0,iload_3,iadd,1
dstore,iconst_0,istore,bipush,istore,1
dstore_2,iconst_0,istore,iload,iload_1,1
dsub,dastore,getstatic,iload,iload,1
dsub,dastore,iinc,goto,iload,1
dup,getstatic,invokespecial,astore,aload,1
dup,invokespecial,aastore,iinc,goto,1
dup,invokespecial,putstatic,iload_1,iload_1,1
dup,istore_1,getstatic,arraylength,if_icmpge,1
getstatic,arraylength,if_icmpge,iload_1,getstatic,1
getstatic,iload,aaload,invokevirtual,iinc,1
getstatic,iload_1,aaload,invokestatic,goto,1
getstatic,iload_1,daload,dstore,getstatic,1
getstatic,iload_1,daload,dstore,iconst_0,1
getstatic,invokespecial,astore,aload,iload_1,1
getstatic,invokevirtual,dup,istore_1,getstatic,1
goto,getstatic,invokevirtual,dup,istore_1,1
goto,iload,aload,arraylength,if_icmpge,1
goto,iload,iload_1,if_icmpge,aload,1
goto,iload,iload_1,if_icmpge,getstatic,1
goto,iload_2,aload_1,arraylength,if_icmpge,1
goto,iload_3,bipush,if_icmpge,getstatic,1
i2b,bastore,iinc,goto,iload_2,1
i2d,ddiv,dstore_2,iconst_0,istore,1
i2d,dload_2,dmul,dconst_1,dsub,1
i2d,dload_2,dmul,ldc2_w,dsub,1
iadd,bipush,idiv,multianewarray,putstatic,1
iadd,iconst_1,iadd,daload,dadd,1
iadd,iconst_1,iadd,daload,dstore,1
iadd,istore_2,iinc,goto,iload_3,1
iadd,newarray,putstatic,iload_1,bipush,1
iadd,newarray,putstatic,ldc2_w,iload_1,1
iconst_0,aaload,invokestatic,istore_1,iload_1,1
iconst_0,istore,bipush,istore,dload,1
iconst_0,istore,iload,aload,arraylength,1
iconst_0,istore_2,iconst_0,istore_3,iload_3,1
iconst_0,istore_2,iload_2,aload_1,arraylength,1
iconst_0,istore_3,iload_3,bipush,if_icmpge,1
iconst_1,iadd,daload,dadd,dstore,1
iconst_1,iadd,daload,dstore,getstatic,1
iconst_1,if_icmplt,aload_0,iconst_0,aaload,1
iconst_1,ior,istore,iload,iconst_3,1
iconst_2,invokestatic,invokevirtual,imul,anewarray,1
iconst_2,ior,istore,iload,iconst_3,1
iconst_2,ishl,iload,iadd,istore_2,1
idiv,multianewarray,putstatic,iconst_2,invokestatic,1
if_icmpge,aload,getstatic,iload,aaload,1
if_icmpge,aload,iload,new,dup,1
if_icmpge,aload_1,iload_2,iload_2,bipush,1
if_icmpge,getstatic,iload,iload,i2d,1
if_icmpge,getstatic,iload_0,iload_3,iadd,1
if_icmpge,iload_1,getstatic,iload_1,aaload,1
if_icmplt,aload_0,iconst_0,aaload,invokestatic,1
ifgt,iload_2,iconst_2,ishl,iload,1
ifle,iload,iconst_1,ior,istore,1
ifle,iload,iconst_2,ior,istore,1
iinc,goto,iload,aload,arraylength,1
iinc,goto,iload_2,aload_1,arraylength,1
iinc,goto,iload_3,bipush,if_icmpge,1
iinc,iload,ifgt,iload_2,iconst_2,1
iload,aaload,invokevirtual,iinc,goto,1
iload,aload,arraylength,if_icmpge,aload,1
iload,i2d,dload_2,dmul,dconst_1,1
iload,i2d,dload_2,dmul,ldc2_w,1
iload,iadd,istore_2,iinc,goto,1
iload,iconst_1,ior,istore,iload,1
iload,iconst_2,ior,istore,iload,1
iload,ifgt,iload_2,iconst_2,ishl,1
iload,iload_1,if_icmpge,aload,getstatic,1
iload,iload_1,if_icmpge,getstatic,iload,1
iload,new,dup,invokespecial,aastore,1
iload_0,iload_3,iadd,daload,dadd,1
iload_0,iload_3,iadd,daload,dstore,1
iload_0,invokestatic,i2b,bastore,iinc,1
iload_1,aaload,invokestatic,goto,getstatic,1
iload_1,bipush,iadd,bipush,idiv,1
iload_1,daload,dstore,getstatic,iload_0,1
iload_1,daload,dstore,iconst_0,istore,1
iload_1,getstatic,iload_1,aaload,invokestatic,1
iload_1,i2d,ddiv,dstore_2,iconst_0,1
iload_1,if_icmpge,aload,getstatic,iload,1
iload_1,if_icmpge,getstatic,iload,iload,1
iload_1,iload_1,bipush,iadd,bipush,1
iload_1,iload_1,invokedynamic,invokevirtual,invokevirtual,1
iload_1,invokedynamic,invokevirtual,invokevirtual,iconst_0,1
iload_2,aload_1,arraylength,if_icmpge,aload_1,1
iload_2,bipush,imul,iload_0,invokestatic,1
iload_2,iconst_2,ishl,iload,iadd,1
iload_2,iload_2,bipush,imul,iload_0,1
iload_3,bipush,if_icmpge,getstatic,iload_0,1
iload_3,iadd,daload,dadd,dstore,1
iload_3,iadd,daload,dstore,getstatic,1
imul,anewarray,astore,iconst_0,istore,1
imul,iload_0,invokestatic,i2b,bastore,1
invokedynamic,invokevirtual,invokevirtual,iconst_0,istore,1
invokespecial,aastore,iinc,goto,iload,1
invokespecial,astore,aload,iload_1,iload_1,1
invokespecial,putstatic,iload_1,iload_1,bipush,1
invokestatic,goto,getstatic,invokevirtual,dup,1
invokestatic,i2b,bastore,iinc,goto,1
invokestatic,invokevirtual,imul,anewarray,astore,1
invokestatic,istore_1,iload_1,bipush,iadd,1
invokevirtual,dup,istore_1,getstatic,arraylength,1
invokevirtual,iconst_0,istore,iload,iload_1,1
invokevirtual,iinc,goto,iload,iload_1,1
invokevirtual,imul,anewarray,astore,iconst_0,1
invokevirtual,invokevirtual,iconst_0,istore,iload,1
ishl,iload,iadd,istore_2,iinc,1
istore,bipush,istore,dload,dload,1
istore,dload,dload,dmul,dload,1
istore,iload,aload,arraylength,if_icmpge,1
istore,iload,iload_1,if_icmpge,aload,1
istore,iload,iload_1,if_icmpge,getstatic,1
istore_1,aload_0,arraylength,iconst_1,if_icmplt,1
istore_1,getstatic,arraylength,if_icmpge,iload_1,1
istore_1,iload_1,bipush,iadd,newarray,1
istore_2,iconst_0,istore_3,iload_3,bipush,1
istore_2,iinc,goto,iload_3,bipush,1
istore_2,iload_2,aload_1,arraylength,if_icmpge,1
istore_3,iload_3,bipush,if_icmpge,getstatic,1
ldc2_w,dcmpl,ifle,iload,iconst_1,1
ldc2_w,dcmpl,ifle,iload,iconst_2,1
ldc2_w,dsub,dastore,iinc,goto,1
ldc2_w,iload_1,i2d,ddiv,dstore_2,1
multianewarray,putstatic,iconst_2,invokestatic,invokevirtual,1
new,dup,getstatic,invokespecial,astore,1
new,dup,invokespecial,aastore,iinc,1
new,dup,invokespecial,putstatic,iload_1,1
newarray,putstatic,iload_1,bipush,iadd,1
newarray,putstatic,ldc2_w,iload_1,i2d,1
putstatic,iconst_2,invokestatic,invokevirtual,imul,1
putstatic,iload_1,bipush,iadd,newarray,1
putstatic,iload_1,iload_1,bipush,iadd,1
putstatic,ldc2_w,iload_1,i2d,ddiv,1
sipush,istore_1,aload_0,arraylength,iconst_1,1
