bastore,dup,bipush,bipush,i2b,9
bipush,i2b,bastore,dup,bipush,9
dastore,dup,bipush,ldc2_w,dastore,9
dup,bipush,bipush,i2b,bastore,9
i2b,bastore,dup,bipush,bipush,9
ldc2_w,dastore,dup,bipush,ldc2_w,9
bipush,bipush,i2b,bastore,dup,8
bipush,ldc2_w,dastore,dup,bipush,8
dup,bipush,ldc2_w,dastore,dup,8
iinc,goto,iload,iload,if_icmpge,7
goto,iload,iload,if_icmpge,getstatic,6
invokespecial,iinc,goto,iload,iload,6
istore,iload,iload,if_icmpge,getstatic,6
arraylength,irem,aaload,dup,ifnull,5
getstatic,arraylength,irem,aaload,dup,5
getstatic,getstatic,invokevirtual,getstatic,arraylength,5
getstatic,invokevirtual,getstatic,arraylength,irem,5
invokevirtual,getstatic,arraylength,irem,aaload,5
aaload,dup,ifnull,invokevirtual,goto,4
aload,dup,ifnonnull,new,dup,4
astore,aload,dup,ifnonnull,new,4
dup,ifnonnull,new,dup,ldc,4
dup,ldc,invokestatic,astore,aload,4
getstatic,istore,iload,iload,if_icmpge,4
iconst_0,istore,getstatic,istore,iload,4
ifnonnull,new,dup,ldc,invokespecial,4
invokevirtual,dup,ldc,invokestatic,astore,4
istore,getstatic,istore,iload,iload,4
ldc,invokestatic,astore,aload,aload,4
new,dup,ldc,invokespecial,athrow,4
aload,invokevirtual,dup,ldc,invokestatic,3
aload_0,invokevirtual,dup,ifnonnull,invokestatic,3
astore,aload,aload,invokevirtual,aload_0,3
astore,astore,getstatic,astore,aload,3
astore,getstatic,astore,aload,dup,3
checkcast,invokespecial,iinc,goto,iload,3
dup,ifnonnull,invokestatic,invokevirtual,invokevirtual,3
getstatic,astore,aload,dup,ifnonnull,3
if_icmpge,getstatic,aload,checkcast,invokespecial,3
iload,if_icmpge,getstatic,aload,checkcast,3
iload,iload,if_icmpge,getstatic,aload,3
invokespecial,iconst_0,istore,getstatic,istore,3
invokestatic,astore,aload,aload,invokevirtual,3
irem,aaload,dup,ifnull,invokevirtual,3
aconst_null,astore_3,aload_1,aload_3,dup,2
aconst_null,astore_3,iconst_0,istore,iload_2,2
aload,aload,invokevirtual,aload_0,aload_1,2
aload,checkcast,invokespecial,getstatic,new,2
aload,invokevirtual,aload_0,aload_1,iload,2
aload_0,aload_1,iload,invokespecial,iload,2
aload_0,aload_1,invokespecial,aload_0,new,2
aload_0,bipush,newarray,dup,iconst_0,2
aload_0,getfield,aload_0,getfield,arraylength,2
aload_0,getfield,aload_1,invokevirtual,goto,2
aload_0,getfield,arraylength,iconst_1,isub,2
aload_0,getfield,iload_1,iinc,faload,2
aload_0,getfield,iload_3,faload,fload,2
aload_0,getfield,invokevirtual,irem,putfield,2
aload_0,iconst_4,newarray,dup,iconst_0,2
aload_0,invokevirtual,if_icmpge,aload_0,getfield,2
aload_0,invokevirtual,iload_2,iinc,aload_0,2
aload_0,new,dup,getstatic,invokevirtual,2
aload_1,aload_3,astore,astore,getstatic,2
aload_1,aload_3,dup,ifnonnull,invokestatic,2
aload_1,iload,invokespecial,iload,ifle,2
aload_1,invokespecial,aload_0,new,dup,2
aload_3,astore,astore,getstatic,astore,2
aload_3,dup,ifnonnull,invokestatic,invokevirtual,2
arraylength,istore_3,iload_2,iload_3,if_icmpge,2
astore_3,aload_1,aload_3,dup,ifnonnull,2
astore_3,iconst_0,istore,iload_2,istore,2
baload,bastore,iinc,goto,iload,2
bastore,dup,iconst_1,bipush,i2b,2
bastore,dup,iconst_2,bipush,i2b,2
bastore,dup,iconst_3,bipush,i2b,2
bastore,iinc,goto,iload,aload_0,2
bipush,i2b,bastore,dup,iconst_1,2
bipush,i2b,bastore,dup,iconst_2,2
bipush,i2b,bastore,dup,iconst_3,2
bipush,i2b,bastore,putfield,aload_0,2
checkcast,invokespecial,getstatic,new,dup,2
dastore,dup,iconst_1,ldc2_w,dastore,2
dastore,dup,iconst_2,ldc2_w,dastore,2
dastore,dup,iconst_3,ldc2_w,dastore,2
dup,getstatic,invokevirtual,invokespecial,putfield,2
dup,iconst_0,bipush,i2b,bastore,2
dup,iconst_0,ldc2_w,dastore,dup,2
dup,iconst_1,bipush,i2b,bastore,2
dup,iconst_1,ldc2_w,dastore,dup,2
dup,iconst_2,bipush,i2b,bastore,2
dup,iconst_2,ldc2_w,dastore,dup,2
dup,iconst_3,bipush,i2b,bastore,2
dup,ifnonnull,invokestatic,iload_3,baload,2
dup,ifnull,invokevirtual,goto,astore_3,2
faload,fload,fcmpg,ifge,iinc,2
faload,fstore,iconst_0,istore_3,aload_0,2
fcmpg,ifge,iinc,goto,aload_0,2
fload,fcmpg,ifge,iinc,goto,2
fstore,iconst_0,istore_3,aload_0,getfield,2
getfield,aload_0,getfield,arraylength,iconst_1,2
getfield,iload_1,iinc,faload,fstore,2
getfield,iload_3,faload,fload,fcmpg,2
getfield,invokevirtual,irem,putfield,return,2
getstatic,aload,checkcast,invokespecial,getstatic,2
getstatic,getstatic,imul,istore,iload_2,2
getstatic,iload,invokespecial,invokespecial,iinc,2
getstatic,iload_2,aaload,dup,ifnull,2
getstatic,imul,istore,iload_2,iload,2
getstatic,isub,istore,iload_2,iload,2
goto,aload_0,getfield,iload_3,faload,2
goto,astore_3,aload_1,aload_3,dup,2
goto,iload,aload_0,invokevirtual,if_icmpge,2
goto,iload_2,iload_3,if_icmpge,getstatic,2
i2b,bastore,dup,iconst_1,bipush,2
i2b,bastore,dup,iconst_2,bipush,2
i2b,bastore,dup,iconst_3,bipush,2
iconst_0,bipush,i2b,bastore,dup,2
iconst_0,istore,iload,aload_0,invokevirtual,2
iconst_0,istore,iload_2,istore,iload,2
iconst_0,istore_3,aload_0,getfield,iload_3,2
iconst_0,ldc2_w,dastore,dup,iconst_1,2
iconst_1,bipush,i2b,bastore,dup,2
iconst_1,ldc2_w,dastore,dup,iconst_2,2
iconst_2,bipush,i2b,bastore,dup,2
iconst_2,ldc2_w,dastore,dup,iconst_3,2
idiv,istore,iload,getstatic,isub,2
if_icmpge,aload_0,getfield,iload_1,iinc,2
if_icmpge,getstatic,getstatic,invokevirtual,getstatic,2
ifge,iinc,goto,aload_0,getfield,2
ifle,aload_0,aload_1,invokespecial,aload_0,2
ifnonnull,invokestatic,iload_3,baload,bastore,2
ifnonnull,invokestatic,invokevirtual,invokevirtual,aload_0,2
ifnull,invokevirtual,goto,astore_3,aload_1,2
iinc,aload_0,invokevirtual,dup,ifnonnull,2
iinc,faload,fstore,iconst_0,istore_3,2
iinc,goto,aload_0,getfield,iload_3,2
iinc,goto,iload,aload_0,invokevirtual,2
iinc,goto,iload_2,iload_3,if_icmpge,2
iload,aload_0,invokevirtual,if_icmpge,aload_0,2
iload,getstatic,isub,istore,iload_2,2
iload,idiv,istore,iload,getstatic,2
iload,if_icmpge,getstatic,getstatic,invokevirtual,2
iload,ifle,aload_0,aload_1,invokespecial,2
iload,iload,if_icmpge,getstatic,getstatic,2
iload,iload,imul,isub,istore,2
iload,imul,isub,istore,aload_1,2
iload,invokespecial,iload,ifle,aload_0,2
iload,invokespecial,invokespecial,iinc,goto,2
iload_1,ifeq,aload_0,getfield,goto,2
iload_1,iinc,faload,fstore,iconst_0,2
iload_2,iinc,aload_0,invokevirtual,dup,2
iload_2,iload,idiv,istore,iload,2
iload_2,iload,iload,imul,isub,2
iload_2,istore,iload,iload,if_icmpge,2
iload_3,baload,bastore,iinc,goto,2
iload_3,faload,fload,fcmpg,ifge,2
imul,istore,iload_2,iload,idiv,2
imul,isub,istore,aload_1,aload_3,2
invokespecial,aload_0,new,dup,getstatic,2
invokespecial,iload,ifle,aload_0,aload_1,2
invokespecial,invokespecial,iinc,goto,iload,2
invokestatic,iload_3,baload,bastore,iinc,2
invokestatic,invokevirtual,invokevirtual,aload_0,aload_3,2
invokevirtual,aload_0,aload_1,iload,invokespecial,2
invokevirtual,dup,ifnonnull,invokestatic,iload_3,2
invokevirtual,goto,astore_3,aload_1,aload_3,2
invokevirtual,if_icmpge,aload_0,getfield,iload_1,2
invokevirtual,iload_2,iinc,aload_0,invokevirtual,2
irem,aaload,dup,ifnull,aload_1,2
istore,aload_1,aload_3,astore,astore,2
istore,iload,aload_0,invokevirtual,if_icmpge,2
istore,iload,getstatic,isub,istore,2
istore,iload_2,iload,idiv,istore,2
istore,iload_2,iload,iload,imul,2
istore,iload_2,istore,iload,iload,2
istore_3,aload_0,getfield,iload_3,faload,2
istore_3,iload_2,iload_3,if_icmpge,getstatic,2
isub,istore,aload_1,aload_3,astore,2
isub,istore,iload_2,iload,iload,2
ldc2_w,dastore,dup,iconst_1,ldc2_w,2
ldc2_w,dastore,dup,iconst_2,ldc2_w,2
ldc2_w,dastore,dup,iconst_3,ldc2_w,2
new,dup,getstatic,invokevirtual,invokespecial,2
newarray,dup,iconst_0,bipush,i2b,2
newarray,dup,iconst_0,ldc2_w,dastore,2
pop,aconst_null,astore_3,aload_1,aload_3,2
putfield,aload_0,iconst_4,newarray,dup,2
putstatic,new,dup,invokespecial,putstatic,2
aaload,dup,ifnull,aload_1,checkcast,1
aaload,dup,ifnull,aload_1,invokevirtual,1
aaload,dup,ifnull,iconst_1,invokevirtual,1
aaload,invokestatic,istore_1,iconst_0,istore_2,1
aastore,getstatic,iload_2,aaload,dup,1
aconst_null,astore_1,nop,aload_0,getfield,1
aconst_null,checkcast,astore_3,nop,aload_2,1
aconst_null,dup,ifnonnull,invokestatic,invokevirtual,1
aload,aload,aload,invokevirtual,invokevirtual,1
aload,aload,invokevirtual,aload_0,iload_3,1
aload,aload,invokevirtual,invokevirtual,astore,1
aload,arraylength,newarray,putfield,iconst_0,1
aload,checkcast,iload_1,iconst_3,imul,1
aload,checkcast,iload_1,iconst_5,imul,1
aload,checkcast,invokespecial,iinc,goto,1
aload,dup,ldc,invokestatic,checkcast,1
aload,iload,daload,dadd,dstore,1
aload,invokevirtual,aload_0,iload_3,aload_0,1
aload,invokevirtual,invokevirtual,astore,astore,1
aload_0,aload,arraylength,newarray,putfield,1
aload_0,aload_0,getfield,aload_0,getfield,1
aload_0,aload_0,getfield,invokevirtual,aload_0,1
aload_0,aload_0,invokevirtual,aload_0,getfield,1
aload_0,aload_0,invokevirtual,invokespecial,aload_0,1
aload_0,aload_0,invokevirtual,invokespecial,iinc,1
aload_0,aload_3,checkcast,invokespecial,iinc,1
aload_0,aload_3,invokespecial,iinc,goto,1
aload_0,arraylength,ifle,aload_0,iconst_0,1
aload_0,dup,getfield,aload_0,getfield,1
aload_0,dup,getfield,iload_1,iconst_1,1
aload_0,getfield,aload_0,getfield,getstatic,1
aload_0,getfield,aload_0,getfield,if_icmpge,1
aload_0,getfield,aload_0,invokevirtual,aload_0,1
aload_0,getfield,arraylength,istore,iload,1
aload_0,getfield,astore,aload_0,iload_1,1
aload_0,getfield,astore,iconst_0,istore,1
aload_0,getfield,getstatic,invokevirtual,iconst_1,1
aload_0,getfield,goto,astore,aload_0,1
aload_0,getfield,goto,invokevirtual,aload_0,1
aload_0,getfield,iadd,aload_0,getfield,1
aload_0,getfield,iadd,putfield,aload_0,1
aload_0,getfield,iconst_1,iadd,istore_3,1
aload_0,getfield,idiv,putfield,aload_0,1
aload_0,getfield,if_icmpge,iconst_0,istore,1
aload_0,getfield,if_icmpge,iload_1,goto,1
aload_0,getfield,ifne,iconst_0,goto,1
aload_0,getfield,iload,bipush,i2b,1
aload_0,getfield,iload,dload,d2f,1
aload_0,getfield,iload_1,invokestatic,aload_0,1
aload_0,getfield,invokevirtual,aload_0,aload,1
aload_0,getfield,invokevirtual,aload_0,getfield,1
aload_0,getfield,invokevirtual,aload_0,invokevirtual,1
aload_0,getfield,invokevirtual,checkcast,areturn,1
aload_0,getfield,invokevirtual,dup,ldc,1
aload_0,getfield,invokevirtual,isub,putfield,1
aload_0,getfield,irem,putfield,iload_2,1
aload_0,getfield,istore,iload,iload,1
aload_0,iconst_0,aaload,invokestatic,istore_1,1
aload_0,iconst_0,putfield,iconst_0,istore_1,1
aload_0,iload,newarray,putfield,aload_0,1
aload_0,iload_1,ifeq,aload_0,getfield,1
aload_0,iload_1,iload_2,invokespecial,aload_0,1
aload_0,iload_1,putfield,aload_0,getfield,1
aload_0,iload_2,aload_0,getfield,idiv,1
aload_0,iload_2,aload_0,getfield,irem,1
aload_0,iload_2,iload_3,invokespecial,aload_0,1
aload_0,iload_2,putfield,aload_0,ldc,1
aload_0,iload_3,aload_0,getfield,invokevirtual,1
aload_0,iload_3,iload_2,idiv,iload_2,1
aload_0,iload_3,newarray,putfield,aload_0,1
aload_0,invokespecial,aload_0,iload_1,putfield,1
aload_0,invokespecial,aload_0,new,dup,1
aload_0,invokevirtual,aload_0,getfield,iload_1,1
aload_0,invokevirtual,aload_0,getfield,invokevirtual,1
aload_0,invokevirtual,ifle,aload_0,aload_0,1
aload_0,invokevirtual,invokespecial,aload_0,aload_0,1
aload_0,invokevirtual,invokespecial,iinc,goto,1
aload_0,invokevirtual,istore,astore,astore,1
aload_0,invokevirtual,istore_2,iload_1,iload_2,1
aload_0,invokevirtual,isub,putfield,aload_0,1
aload_0,ldc,invokestatic,aload_0,invokestatic,1
aload_0,ldc,invokestatic,sipush,istore_1,1
aload_0,ldc,putfield,aload_0,aload_0,1
aload_0,new,dup,getstatic,iload,1
aload_0,new,dup,iload,getstatic,1
aload_0,new,dup,invokespecial,aload_0,1
aload_0,putstatic,bipush,putstatic,sipush,1
aload_1,checkcast,invokevirtual,goto,return,1
aload_1,getstatic,getstatic,invokevirtual,getstatic,1
aload_1,invokevirtual,aload_0,getfield,aload_1,1
aload_1,invokevirtual,arraylength,istore_3,iload_2,1
aload_1,invokevirtual,goto,aload_0,getfield,1
aload_1,invokevirtual,iload_2,getstatic,i2f,1
aload_1,ldc,invokestatic,nop,aload_0,1
aload_2,aload_3,invokestatic,aload,athrow,1
aload_2,aload_3,invokestatic,goto,goto,1
aload_2,checkcast,astore,iconst_0,istore,1
aload_3,checkcast,invokespecial,iinc,goto,1
aload_3,invokespecial,iinc,goto,iload,1
aload_3,invokestatic,goto,goto,return,1
anewarray,putstatic,new,dup,invokespecial,1
arraylength,iconst_1,isub,bipush,i2b,1
arraylength,iconst_1,isub,fconst_2,fastore,1
arraylength,ifle,aload_0,iconst_0,aaload,1
arraylength,istore,iload,iload,if_icmpge,1
arraylength,newarray,putfield,iconst_0,istore,1
astore,aload,aload,aload,invokevirtual,1
astore,aload,astore_3,aload,athrow,1
astore,aload_0,iload_1,ifeq,aload_0,1
astore,aload_2,aload_3,invokestatic,aload,1
astore,aload_2,aload_3,invokestatic,goto,1
astore,astore,aload,dup,ifnonnull,1
astore,iconst_0,istore,aload_0,invokevirtual,1
astore,iconst_0,istore,getstatic,getstatic,1
astore_0,aload_0,putstatic,bipush,putstatic,1
astore_1,aload_1,invokevirtual,aload_0,getfield,1
astore_1,nop,aload_0,getfield,invokevirtual,1
astore_2,aconst_null,checkcast,astore_3,nop,1
astore_3,nop,aload_2,checkcast,astore,1
bastore,dup,iconst_4,bipush,i2b,1
bastore,dup,iconst_5,bipush,i2b,1
bastore,iload,iload_3,iadd,istore,1
bastore,putfield,aload_0,bipush,newarray,1
bastore,putfield,aload_0,iconst_4,newarray,1
bipush,bipush,i2b,bastore,putfield,1
bipush,i2b,bastore,dup,iconst_4,1
bipush,i2b,bastore,dup,iconst_5,1
bipush,i2b,bastore,iload,iload_3,1
bipush,ldc2_w,dastore,putfield,aload_0,1
bipush,newarray,dup,iconst_0,bipush,1
bipush,newarray,dup,iconst_0,ldc2_w,1
bipush,putstatic,ldc,putstatic,sipush,1
bipush,putstatic,sipush,putstatic,invokestatic,1
checkcast,astore,iconst_0,istore,getstatic,1
checkcast,astore_1,aload_1,invokevirtual,aload_0,1
checkcast,astore_2,aconst_null,checkcast,astore_3,1
checkcast,astore_3,nop,aload_2,checkcast,1
checkcast,iload_1,iconst_2,imul,ldc,1
checkcast,iload_1,iconst_3,imul,ldc,1
checkcast,iload_1,iconst_5,imul,ldc,1
d2f,fastore,iinc,goto,iload,1
dadd,dstore,aload_0,getfield,iload,1
daload,dadd,dstore,aload_0,getfield,1
dastore,dup,iconst_4,ldc2_w,dastore,1
dastore,dup,iconst_5,ldc2_w,dastore,1
dastore,putfield,aload_0,iconst_4,newarray,1
dastore,putfield,dconst_0,dstore,iload_1,1
dconst_0,dstore,iload_1,ifeq,aload_0,1
dload,aload,iload,daload,dadd,1
dload,d2f,fastore,iinc,goto,1
dstore,aload_0,getfield,iload,dload,1
dstore,iload_1,ifeq,aload_0,getfield,1
dup,bipush,ldc2_w,dastore,putfield,1
dup,getfield,aload_0,getfield,aload_0,1
dup,getfield,iload_1,iconst_1,iadd,1
dup,getstatic,iload,iload,iload,1
dup,getstatic,iload,iload_2,iload,1
dup,iconst_0,getstatic,iload,invokespecial,1
dup,iconst_1,getstatic,iload,invokespecial,1
dup,iconst_3,ldc2_w,dastore,dup,1
dup,iconst_3,ldc2_w,dastore,putfield,1
dup,iconst_4,bipush,i2b,bastore,1
dup,iconst_4,ldc2_w,dastore,dup,1
dup,iconst_5,bipush,i2b,bastore,1
dup,iconst_5,ldc2_w,dastore,dup,1
dup,ifnonnull,invokestatic,aload_0,getfield,1
dup,ifnull,aload_1,checkcast,invokevirtual,1
dup,ifnull,aload_1,invokevirtual,goto,1
dup,ifnull,iconst_1,invokevirtual,goto,1
dup,ifnull,invokevirtual,goto,dup,1
dup,ifnull,invokevirtual,goto,iinc,1
dup,iload,getstatic,iload,invokespecial,1
dup,invokespecial,aastore,getstatic,iload_2,1
dup,invokespecial,aload_0,getfield,invokevirtual,1
dup,invokespecial,astore_0,aload_0,putstatic,1
dup,invokespecial,putstatic,bipush,putstatic,1
dup,invokespecial,putstatic,new,dup,1
dup,ldc,invokestatic,checkcast,astore_1,1
dup,ldc,invokestatic,checkcast,iload_1,1
fastore,aload_0,iload_3,newarray,putfield,1
fastore,iinc,goto,iload,iload,1
fastore,iinc,goto,iload_2,iload_3,1
fconst_0,fstore,iconst_0,istore,iconst_0,1
fconst_1,getstatic,i2f,fdiv,putstatic,1
fconst_2,fastore,aload_0,iload_3,newarray,1
fdiv,putstatic,bipush,putstatic,return,1
fmul,fastore,iinc,goto,iload_2,1
fstore,iconst_0,istore,iconst_0,istore_1,1
getfield,aload_0,getfield,aload_0,getfield,1
getfield,aload_0,getfield,getstatic,invokevirtual,1
getfield,aload_0,getfield,if_icmpge,iload_1,1
getfield,aload_0,invokevirtual,aload_0,getfield,1
getfield,aload_1,invokevirtual,goto,aload_0,1
getfield,aload_1,invokevirtual,goto,return,1
getfield,arraylength,iconst_1,isub,bipush,1
getfield,arraylength,iconst_1,isub,fconst_2,1
getfield,arraylength,istore,iload,iload,1
getfield,astore,aload_0,iload_1,ifeq,1
getfield,astore,iconst_0,istore,aload_0,1
getfield,getstatic,invokevirtual,iconst_1,isub,1
getfield,goto,astore,aload_0,iload_1,1
getfield,goto,invokevirtual,aload_0,aload,1
getfield,iadd,aload_0,getfield,ifne,1
getfield,iadd,putfield,aload_0,dup,1
getfield,iconst_1,iadd,istore_3,aload_0,1
getfield,idiv,putfield,aload_0,iload_2,1
getfield,if_icmpge,iconst_0,istore,iload,1
getfield,if_icmpge,iload_1,goto,iadd,1
getfield,ifne,iconst_0,goto,iadd,1
getfield,iload,bipush,i2b,bastore,1
getfield,iload,dload,d2f,fastore,1
getfield,iload_1,iconst_1,iadd,iadd,1
getfield,iload_1,invokestatic,aload_0,dup,1
getfield,invokevirtual,aload_0,aload,arraylength,1
getfield,invokevirtual,aload_0,getfield,astore,1
getfield,invokevirtual,aload_0,invokevirtual,isub,1
getfield,invokevirtual,dup,ldc,invokestatic,1
getfield,invokevirtual,isub,putfield,aload_0,1
getfield,irem,putfield,iload_2,aload_0,1
getfield,istore,iload,iload,if_icmpge,1
getstatic,aload,checkcast,iload_1,iconst_3,1
getstatic,aload,checkcast,iload_1,iconst_5,1
getstatic,aload,checkcast,invokespecial,iinc,1
getstatic,aload,dup,ldc,invokestatic,1
getstatic,arraylength,istore_3,iload_2,iload_3,1
getstatic,astore,aload_2,aload_3,invokestatic,1
getstatic,checkcast,astore_2,aconst_null,checkcast,1
getstatic,fmul,fastore,iinc,goto,1
getstatic,getstatic,imul,getstatic,iadd,1
getstatic,getstatic,imul,istore,iconst_0,1
getstatic,i2f,fdiv,putstatic,bipush,1
getstatic,i2f,getstatic,fmul,fastore,1
getstatic,iadd,getstatic,irem,putstatic,1
getstatic,iload,iload,iload,imul,1
getstatic,iload,iload_2,iload,isub,1
getstatic,iload,invokespecial,invokespecial,return,1
getstatic,iload_2,new,dup,invokespecial,1
getstatic,imul,getstatic,iadd,getstatic,1
getstatic,imul,istore,iconst_0,istore,1
getstatic,invokevirtual,iconst_1,isub,imul,1
getstatic,invokevirtual,invokespecial,putfield,aload_0,1
getstatic,invokevirtual,invokespecial,putfield,return,1
getstatic,irem,putstatic,aload_1,invokevirtual,1
getstatic,new,dup,getstatic,iload,1
getstatic,new,dup,iconst_0,getstatic,1
getstatic,new,dup,iconst_1,getstatic,1
goto,aload_0,getfield,invokevirtual,dup,1
goto,anewarray,putstatic,new,dup,1
goto,astore,aload_0,iload_1,ifeq,1
goto,dup,ifnonnull,invokestatic,invokevirtual,1
goto,getstatic,iload_2,aaload,dup,1
goto,iadd,istore,iload,iconst_1,1
goto,iadd,putfield,aload_0,dup,1
goto,iinc,goto,iload_2,iload_3,1
goto,iload,iload,if_icmpge,aload_0,1
goto,iload,iload,if_icmpge,dload,1
goto,iload_1,aload_0,getfield,if_icmpge,1
goto,iload_1,iload_2,if_icmpge,aload_0,1
goto,invokevirtual,aload_0,aload,arraylength,1
i2b,bastore,dup,iconst_4,bipush,1
i2b,bastore,dup,iconst_5,bipush,1
i2b,bastore,iload,iload_3,iadd,1
i2b,bastore,putfield,aload_0,bipush,1
i2b,bastore,putfield,aload_0,iconst_4,1
i2f,fdiv,putstatic,bipush,putstatic,1
i2f,getstatic,fmul,fastore,iinc,1
iadd,aload_0,getfield,ifne,iconst_0,1
iadd,aload_0,getfield,invokevirtual,irem,1
iadd,getstatic,irem,putstatic,aload_1,1
iadd,istore,goto,iload,iload,1
iadd,istore,iload,iconst_1,isub,1
iadd,istore_3,aload_0,iload_2,aload_0,1
iadd,putfield,aload_0,dup,getfield,1
iconst_0,aaload,invokestatic,istore_1,iconst_0,1
iconst_0,getstatic,iload,invokespecial,invokespecial,1
iconst_0,goto,iadd,istore,iload,1
iconst_0,invokespecial,iconst_0,istore,getstatic,1
iconst_0,istore,aload_0,getfield,arraylength,1
iconst_0,istore,aload_0,invokevirtual,istore,1
iconst_0,istore,getstatic,getstatic,imul,1
iconst_0,istore,iconst_0,istore_1,iconst_0,1
iconst_0,istore_1,aload_0,invokevirtual,istore_2,1
iconst_0,istore_1,iconst_0,istore_2,iconst_0,1
iconst_0,istore_1,iconst_0,istore_2,iload_1,1
iconst_0,istore_2,aload_1,invokevirtual,arraylength,1
iconst_0,istore_2,getstatic,arraylength,istore_3,1
iconst_0,istore_2,iconst_0,istore_3,fconst_0,1
iconst_0,istore_2,iload_1,aload_0,getfield,1
iconst_0,istore_3,fconst_0,fstore,iconst_0,1
iconst_0,putfield,iconst_0,istore_1,aload_0,1
iconst_1,anewarray,putstatic,new,dup,1
iconst_1,getstatic,iload,invokespecial,invokespecial,1
iconst_1,iadd,iadd,putfield,return,1
iconst_1,iadd,istore,iload,iconst_1,1
iconst_1,iadd,istore_3,aload_0,iload_2,1
iconst_1,if_icmple,invokestatic,invokevirtual,iconst_1,1
iconst_1,invokespecial,iconst_0,istore,getstatic,1
iconst_1,invokevirtual,goto,getstatic,iload_2,1
iconst_1,isub,bipush,i2b,bastore,1
iconst_1,isub,fconst_2,fastore,aload_0,1
iconst_1,isub,goto,anewarray,putstatic,1
iconst_1,isub,imul,iadd,aload_0,1
iconst_1,isub,istore,aload_0,iload,1
iconst_2,imul,ldc,invokespecial,iconst_0,1
iconst_3,bipush,i2b,bastore,dup,1
iconst_3,bipush,i2b,bastore,putfield,1
iconst_3,imul,ldc,iconst_1,invokespecial,1
iconst_3,ldc2_w,dastore,dup,iconst_4,1
iconst_3,ldc2_w,dastore,putfield,dconst_0,1
iconst_4,bipush,i2b,bastore,dup,1
iconst_4,ldc2_w,dastore,dup,iconst_5,1
iconst_4,newarray,dup,iconst_0,bipush,1
iconst_4,newarray,dup,iconst_0,ldc2_w,1
iconst_5,bipush,i2b,bastore,dup,1
iconst_5,imul,ldc,iconst_0,invokespecial,1
iconst_5,ldc2_w,dastore,dup,bipush,1
idiv,iload_2,imul,putfield,return,1
idiv,putfield,aload_0,iload_2,aload_0,1
if_icmpge,aload_0,aload_0,invokevirtual,invokespecial,1
if_icmpge,aload_0,getfield,iload,bipush,1
if_icmpge,dload,aload,iload,daload,1
if_icmpge,getstatic,getstatic,imul,getstatic,1
if_icmpge,getstatic,iload_2,new,dup,1
if_icmpge,getstatic,new,dup,getstatic,1
if_icmpge,iconst_0,istore,iload,aload_0,1
if_icmpge,iload_1,goto,iadd,putfield,1
if_icmple,invokestatic,invokevirtual,iconst_1,isub,1
ifeq,aload_0,getfield,goto,astore,1
ifeq,aload_0,getfield,goto,invokevirtual,1
ifle,aload_0,aload_0,invokevirtual,invokespecial,1
ifle,aload_0,iconst_0,aaload,invokestatic,1
ifne,iconst_0,goto,iadd,istore,1
ifnonnull,invokestatic,aload_0,getfield,aload_0,1
ifnonnull,invokestatic,invokevirtual,invokevirtual,return,1
ifnull,aload_1,checkcast,invokevirtual,goto,1
ifnull,aload_1,invokevirtual,goto,return,1
ifnull,iconst_1,invokevirtual,goto,getstatic,1
ifnull,invokevirtual,goto,dup,ifnonnull,1
ifnull,invokevirtual,goto,iinc,goto,1
iinc,goto,iload_1,aload_0,getfield,1
iinc,goto,iload_1,iload_2,if_icmpge,1
iload,bipush,i2b,bastore,iload,1
iload,daload,dadd,dstore,aload_0,1
iload,dload,d2f,fastore,iinc,1
iload,getstatic,iload,invokespecial,invokespecial,1
iload,iconst_1,isub,istore,aload_0,1
iload,if_icmpge,aload_0,getfield,iload,1
iload,if_icmpge,dload,aload,iload,1
iload,if_icmpge,getstatic,new,dup,1
iload,iload,if_icmpge,aload_0,getfield,1
iload,iload,if_icmpge,dload,aload,1
iload,iload,if_icmpge,getstatic,new,1
iload,iload,iload,imul,invokespecial,1
iload,iload,imul,invokespecial,checkcast,1
iload,iload,invokevirtual,dup,ldc,1
iload,iload_2,iload,isub,invokespecial,1
iload,iload_3,iadd,istore,goto,1
iload,imul,invokespecial,checkcast,invokespecial,1
iload,invokevirtual,dup,ldc,invokestatic,1
iload,isub,invokespecial,checkcast,invokespecial,1
iload,newarray,putfield,aload_0,getfield,1
iload_1,aload_0,getfield,if_icmpge,iconst_0,1
iload_1,goto,iadd,putfield,aload_0,1
iload_1,iconst_1,iadd,iadd,putfield,1
iload_1,iconst_2,imul,ldc,invokespecial,1
iload_1,iconst_3,imul,ldc,iconst_1,1
iload_1,iconst_5,imul,ldc,iconst_0,1
iload_1,iload_2,if_icmpge,aload_0,aload_0,1
iload_1,iload_2,invokespecial,aload_0,iload_2,1
iload_1,invokestatic,aload_0,dup,getfield,1
iload_1,putfield,aload_0,getfield,iconst_1,1
iload_2,aaload,dup,ifnull,iconst_1,1
iload_2,aaload,dup,ifnull,invokevirtual,1
iload_2,aload_0,getfield,iadd,aload_0,1
iload_2,aload_0,getfield,idiv,putfield,1
iload_2,aload_0,getfield,irem,putfield,1
iload_2,getstatic,i2f,getstatic,fmul,1
iload_2,idiv,iload_2,imul,putfield,1
iload_2,if_icmpge,aload_0,aload_0,invokevirtual,1
iload_2,iload,isub,invokespecial,checkcast,1
iload_2,iload_3,if_icmpge,getstatic,getstatic,1
iload_2,iload_3,if_icmpge,getstatic,iload_2,1
iload_2,iload_3,invokespecial,aload_0,bipush,1
iload_2,invokespecial,aload_0,iload_2,putfield,1
iload_2,new,dup,invokespecial,aastore,1
iload_2,putfield,aload_0,ldc,putfield,1
iload_3,aload_0,getfield,invokevirtual,irem,1
iload_3,iadd,istore,goto,iload,1
iload_3,if_icmpge,getstatic,getstatic,imul,1
iload_3,if_icmpge,getstatic,iload_2,new,1
iload_3,iload_2,idiv,iload_2,imul,1
iload_3,invokespecial,aload_0,bipush,newarray,1
iload_3,newarray,putfield,aload_0,iload_3,1
imul,getstatic,iadd,getstatic,irem,1
imul,iadd,aload_0,getfield,invokevirtual,1
imul,invokespecial,checkcast,invokespecial,iinc,1
imul,istore,iconst_0,istore,getstatic,1
imul,ldc,iconst_0,invokespecial,iconst_0,1
imul,ldc,iconst_1,invokespecial,iconst_0,1
imul,ldc,invokespecial,iconst_0,istore,1
invokespecial,aastore,getstatic,iload_2,aaload,1
invokespecial,aload_0,aload_0,getfield,aload_0,1
invokespecial,aload_0,bipush,newarray,dup,1
invokespecial,aload_0,getfield,invokevirtual,aload_0,1
invokespecial,aload_0,iload_1,putfield,aload_0,1
invokespecial,aload_0,iload_2,putfield,aload_0,1
invokespecial,aload_0,new,dup,iload,1
invokespecial,astore_0,aload_0,putstatic,bipush,1
invokespecial,checkcast,invokespecial,iinc,goto,1
invokespecial,getstatic,new,dup,iconst_0,1
invokespecial,getstatic,new,dup,iconst_1,1
invokespecial,iinc,goto,iload_1,iload_2,1
invokespecial,putfield,aload_0,new,dup,1
invokespecial,putstatic,bipush,putstatic,ldc,1
invokespecial,putstatic,new,dup,invokespecial,1
invokestatic,aload_0,dup,getfield,aload_0,1
invokestatic,aload_0,getfield,aload_0,invokevirtual,1
invokestatic,astore,aload,aload,aload,1
invokestatic,checkcast,astore_1,aload_1,invokevirtual,1
invokestatic,checkcast,iload_1,iconst_2,imul,1
invokestatic,invokevirtual,iconst_1,if_icmple,invokestatic,1
invokestatic,invokevirtual,iconst_1,isub,goto,1
invokestatic,istore_1,iconst_0,istore_2,getstatic,1
invokestatic,nop,aload_0,getfield,aload_1,1
invokestatic,sipush,istore_1,aload_0,arraylength,1
invokevirtual,aload_0,aload,arraylength,newarray,1
invokevirtual,aload_0,aload_3,checkcast,invokespecial,1
invokevirtual,aload_0,aload_3,invokespecial,iinc,1
invokevirtual,aload_0,getfield,aload_1,invokevirtual,1
invokevirtual,aload_0,getfield,astore,iconst_0,1
invokevirtual,aload_0,getfield,iload_1,invokestatic,1
invokevirtual,aload_0,getfield,invokevirtual,isub,1
invokevirtual,aload_0,iload_3,aload_0,getfield,1
invokevirtual,aload_0,invokevirtual,isub,putfield,1
invokevirtual,arraylength,istore_3,iload_2,iload_3,1
invokevirtual,astore,astore,getstatic,astore,1
invokevirtual,dup,ifnonnull,invokestatic,aload_0,1
invokevirtual,dup,ldc,invokestatic,checkcast,1
invokevirtual,goto,aload_0,getfield,invokevirtual,1
invokevirtual,goto,dup,ifnonnull,invokestatic,1
invokevirtual,goto,getstatic,iload_2,aaload,1
invokevirtual,goto,iinc,goto,iload_2,1
invokevirtual,iconst_1,if_icmple,invokestatic,invokevirtual,1
invokevirtual,iconst_1,isub,goto,anewarray,1
invokevirtual,iconst_1,isub,imul,iadd,1
invokevirtual,ifle,aload_0,aload_0,invokevirtual,1
invokevirtual,iload_2,getstatic,i2f,getstatic,1
invokevirtual,invokespecial,aload_0,aload_0,getfield,1
invokevirtual,invokespecial,iinc,goto,iload_1,1
invokevirtual,invokespecial,putfield,aload_0,new,1
invokevirtual,invokevirtual,aload_0,aload_3,checkcast,1
invokevirtual,invokevirtual,aload_0,aload_3,invokespecial,1
invokevirtual,invokevirtual,astore,astore,getstatic,1
invokevirtual,istore,astore,astore,aload,1
invokevirtual,istore_2,iload_1,iload_2,if_icmpge,1
invokevirtual,isub,putfield,aload_0,aload_0,1
invokevirtual,isub,putfield,aload_0,new,1
irem,putfield,iload_2,aload_0,getfield,1
irem,putstatic,aload_1,invokevirtual,iload_2,1
istore,aload_0,getfield,arraylength,istore,1
istore,aload_0,iload,newarray,putfield,1
istore,aload_0,invokevirtual,istore,astore,1
istore,astore,astore,aload,dup,1
istore,getstatic,getstatic,imul,istore,1
istore,goto,iload,iload,if_icmpge,1
istore,iconst_0,istore,getstatic,istore,1
istore,iconst_0,istore_1,iconst_0,istore_2,1
istore,iload,iconst_1,isub,istore,1
istore,iload,iload,if_icmpge,aload_0,1
istore,iload,iload,if_icmpge,dload,1
istore_1,aload_0,arraylength,ifle,aload_0,1
istore_1,aload_0,invokevirtual,istore_2,iload_1,1
istore_1,iconst_0,istore_2,getstatic,arraylength,1
istore_1,iconst_0,istore_2,iconst_0,istore_3,1
istore_1,iconst_0,istore_2,iload_1,aload_0,1
istore_2,aload_1,invokevirtual,arraylength,istore_3,1
istore_2,getstatic,arraylength,istore_3,iload_2,1
istore_2,iconst_0,istore_3,fconst_0,fstore,1
istore_2,iload_1,aload_0,getfield,if_icmpge,1
istore_2,iload_1,iload_2,if_icmpge,aload_0,1
istore_3,aload_0,iload_2,aload_0,getfield,1
istore_3,fconst_0,fstore,iconst_0,istore,1
isub,bipush,i2b,bastore,return,1
isub,fconst_2,fastore,aload_0,iload_3,1
isub,goto,anewarray,putstatic,new,1
isub,imul,iadd,aload_0,getfield,1
isub,invokespecial,checkcast,invokespecial,return,1
isub,istore,aload_0,iload,newarray,1
isub,putfield,aload_0,aload_0,invokevirtual,1
isub,putfield,aload_0,new,dup,1
ldc,iconst_0,invokespecial,iconst_0,istore,1
ldc,iconst_1,invokespecial,iconst_0,istore,1
ldc,invokespecial,iconst_0,istore,getstatic,1
ldc,invokestatic,aload_0,invokestatic,return,1
ldc,invokestatic,checkcast,astore_1,aload_1,1
ldc,invokestatic,checkcast,iload_1,iconst_2,1
ldc,invokestatic,nop,aload_0,getfield,1
ldc,invokestatic,sipush,istore_1,aload_0,1
ldc,putfield,aload_0,aload_0,getfield,1
ldc,putstatic,sipush,putstatic,sipush,1
ldc2_w,dastore,dup,iconst_4,ldc2_w,1
ldc2_w,dastore,dup,iconst_5,ldc2_w,1
ldc2_w,dastore,putfield,aload_0,iconst_4,1
ldc2_w,dastore,putfield,dconst_0,dstore,1
new,dup,getstatic,iload,iload,1
new,dup,getstatic,iload,iload_2,1
new,dup,iconst_0,getstatic,iload,1
new,dup,iconst_1,getstatic,iload,1
new,dup,iload,getstatic,iload,1
new,dup,invokespecial,aastore,getstatic,1
new,dup,invokespecial,aload_0,getfield,1
new,dup,invokespecial,astore_0,aload_0,1
new,dup,invokespecial,putstatic,bipush,1
new,dup,invokespecial,putstatic,new,1
newarray,putfield,aload_0,getfield,istore,1
newarray,putfield,aload_0,iload_3,iload_2,1
newarray,putfield,iconst_0,istore,aload_0,1
nop,aload_0,getfield,aload_1,invokevirtual,1
nop,aload_0,getfield,invokevirtual,checkcast,1
nop,aload_0,getfield,invokevirtual,dup,1
nop,aload_2,checkcast,astore,iconst_0,1
nop,getstatic,astore,aload_2,aload_3,1
nop,getstatic,checkcast,astore_2,aconst_null,1
pop,aconst_null,dup,ifnonnull,invokestatic,1
pop,getstatic,iload_2,aaload,dup,1
pop,iinc,goto,iload_2,iload_3,1
putfield,aload_0,aload_0,getfield,invokevirtual,1
putfield,aload_0,aload_0,invokevirtual,aload_0,1
putfield,aload_0,bipush,newarray,dup,1
putfield,aload_0,dup,getfield,iload_1,1
putfield,aload_0,getfield,iconst_1,iadd,1
putfield,aload_0,getfield,istore,iload,1
putfield,aload_0,iload_2,aload_0,getfield,1
putfield,aload_0,iload_3,iload_2,idiv,1
putfield,aload_0,ldc,putfield,aload_0,1
putfield,aload_0,new,dup,getstatic,1
putfield,aload_0,new,dup,invokespecial,1
putfield,dconst_0,dstore,iload_1,ifeq,1
putfield,iconst_0,istore,aload_0,getfield,1
putfield,iconst_0,istore_1,aload_0,invokevirtual,1
putfield,iload_2,aload_0,getfield,iadd,1
putstatic,aload_1,invokevirtual,iload_2,getstatic,1
putstatic,bipush,putstatic,ldc,putstatic,1
putstatic,bipush,putstatic,sipush,putstatic,1
putstatic,fconst_1,getstatic,i2f,fdiv,1
putstatic,invokestatic,invokevirtual,iconst_1,if_icmple,1
putstatic,ldc,putstatic,sipush,putstatic,1
putstatic,sipush,putstatic,fconst_1,getstatic,1
putstatic,sipush,putstatic,invokestatic,invokevirtual,1
putstatic,sipush,putstatic,sipush,putstatic,1
sipush,istore_1,aload_0,arraylength,ifle,1
sipush,putstatic,fconst_1,getstatic,i2f,1
sipush,putstatic,invokestatic,invokevirtual,iconst_1,1
sipush,putstatic,sipush,putstatic,fconst_1,1
