iinc,goto,iload,iload,if_icmpge,5
aload_0,getfield,iconst_0,aload_0,getfield,4
aload,arraylength,istore,iconst_0,istore,3
aload_1,ldc,invokestatic,aload_0,aload_1,3
arraylength,istore,iconst_0,istore,iload,3
astore,aload,arraylength,istore,iconst_0,3
goto,iload,iload,if_icmpge,aload,3
iconst_0,istore,iload,iload,if_icmpge,3
iload,iload,if_icmpge,aload,iload,3
invokestatic,aload_0,aload_1,putfield,return,3
istore,iconst_0,istore,iload,iload,3
istore,iload,iload,if_icmpge,aload,3
ldc,invokestatic,aload_0,aload_1,putfield,3
aload,iload,iaload,istore,iload,2
aload_0,getfield,iload,iload,iadd,2
aload_0,getstatic,newarray,putfield,aload_0,2
aload_0,iconst_0,newarray,putfield,aload_0,2
dup,ifnonnull,invokestatic,astore,aload,2
dup,ifnonnull,invokestatic,iload_1,iload,2
dup,ifnonnull,invokestatic,iload_3,iaload,2
dup,ifnonnull,invokestatic,invokestatic,iaload,2
dup,ifnonnull,invokestatic,invokevirtual,istore_1,2
getfield,iconst_0,aload_0,getfield,iconst_0,2
getstatic,dup,ifnonnull,invokestatic,iload_1,2
getstatic,dup,ifnonnull,invokestatic,iload_3,2
getstatic,dup,ifnonnull,invokestatic,invokevirtual,2
getstatic,newarray,putfield,aload_0,getstatic,2
goto,iload_3,iload,if_icmpge,aload_0,2
iadd,iconst_1,isub,invokestatic,idiv,2
iaload,iastore,aload_0,getfield,iconst_0,2
iaload,invokestatic,iadd,iconst_1,isub,2
iconst_0,istore,invokestatic,dup,ifnonnull,2
iconst_0,newarray,putfield,aload_0,iconst_0,2
iconst_1,isub,invokestatic,idiv,invokestatic,2
if_icmpge,aload,iload,iaload,istore,2
if_icmpgt,aload_0,getfield,iload,iload,2
ifnonnull,invokestatic,astore,aload,arraylength,2
ifnonnull,invokestatic,iload_1,iload,iastore,2
ifnonnull,invokestatic,invokestatic,iaload,invokestatic,2
iinc,goto,iload_3,iload,if_icmpge,2
iload,iaload,istore,iload,iload,2
iload,if_icmpge,aload,iload,iaload,2
iload,if_icmpge,aload_0,getfield,iload_3,2
iload_2,getstatic,dup,ifnonnull,invokestatic,2
iload_2,istore,iload,iload,if_icmpge,2
iload_3,iload,if_icmpge,aload_0,getfield,2
invokestatic,astore,aload,arraylength,istore,2
invokestatic,dup,ifnonnull,invokestatic,astore,2
invokestatic,dup,ifnonnull,invokestatic,iload_2,2
invokestatic,dup,ifnonnull,invokestatic,invokestatic,2
invokestatic,iadd,iconst_1,isub,invokestatic,2
invokestatic,iaload,invokestatic,iadd,iconst_1,2
invokestatic,invokestatic,dup,ifnonnull,invokestatic,2
invokestatic,invokestatic,iaload,invokestatic,iadd,2
istore,iinc,goto,iload,iload,2
istore,iload,iload,invokestatic,istore,2
istore,iload_2,istore,iload,iload,2
istore,iload_3,iload,if_icmpge,aload_0,2
istore,invokestatic,dup,ifnonnull,invokestatic,2
istore_2,aload_0,getfield,iload_2,iaload,2
isub,invokestatic,idiv,invokestatic,invokestatic,2
newarray,putfield,aload_0,getstatic,newarray,2
newarray,putfield,aload_0,iconst_0,newarray,2
putfield,aload_0,getstatic,newarray,putfield,2
putfield,aload_0,iconst_0,newarray,putfield,2
aaload,astore,nop,aload,dup,1
aaload,dup,ifnonnull,invokestatic,invokevirtual,1
aaload,invokestatic,goto,invokestatic,invokestatic,1
aastore,aload_3,iload,aaload,dup,1
aconst_null,invokespecial,putstatic,sipush,putstatic,1
aload,dup,ifnonnull,invokestatic,invokevirtual,1
aload,iload,aaload,astore,nop,1
aload_0,checkcast,invokestatic,iconst_0,iconst_0,1
aload_0,checkcast,invokestatic,iconst_m1,iconst_m1,1
aload_0,checkcast,invokestatic,iload,iload,1
aload_0,getfield,arraylength,iconst_1,isub,1
aload_0,getfield,arraylength,invokestatic,iinc,1
aload_0,getfield,arraylength,istore,iload_3,1
aload_0,getfield,arraylength,istore_2,iload_1,1
aload_0,getfield,iconst_0,iaload,iastore,1
aload_0,getfield,iconst_0,iaload,ifeq,1
aload_0,getfield,iconst_0,iaload,istore_2,1
aload_0,getfield,iconst_0,iaload,istore_3,1
aload_0,getfield,iconst_0,iload_1,iastore,1
aload_0,getfield,iconst_0,iload_3,iconst_1,1
aload_0,getfield,iconst_1,aload_0,getfield,1
aload_0,getfield,iconst_1,iaload,iastore,1
aload_0,getfield,iconst_1,iaload,istore_1,1
aload_0,getfield,iload,aload_0,getfield,1
aload_0,getfield,iload,iaload,iastore,1
aload_0,getfield,iload,iconst_1,iadd,1
aload_0,getfield,iload,iload,iastore,1
aload_0,getfield,iload,iload,iload,1
aload_0,getfield,iload_1,iaload,iconst_1,1
aload_0,getfield,iload_2,dup2,dup2,1
aload_0,getfield,iload_2,iaload,ifeq,1
aload_0,getfield,iload_2,iaload,ifne,1
aload_0,getfield,iload_2,iaload,istore,1
aload_0,getfield,iload_2,iinc,iconst_0,1
aload_0,getfield,iload_2,iload_1,iastore,1
aload_0,getfield,iload_2,iload_2,iastore,1
aload_0,getfield,iload_3,aload_0,getfield,1
aload_0,getfield,iload_3,iaload,istore,1
aload_0,getfield,iload_3,iload,iastore,1
aload_0,getfield,iload_3,iload_3,iastore,1
aload_0,getstatic,newarray,putfield,getstatic,1
aload_0,iconst_0,newarray,putfield,return,1
aload_0,iload_1,invokevirtual,getstatic,dup,1
aload_0,iload_2,invokevirtual,iconst_1,istore,1
aload_0,invokespecial,aload_0,iconst_0,newarray,1
aload_0,invokevirtual,istore,iload,iload,1
aload_0,invokevirtual,pop,goto,aload_0,1
aload_0,ldc,invokestatic,getstatic,aload_0,1
aload_1,arraylength,ifle,aload_1,iconst_0,1
aload_1,iconst_0,aaload,invokestatic,goto,1
aload_1,ldc,invokestatic,aload_1,arraylength,1
aload_3,astore,aload,arraylength,istore,1
aload_3,iload,aaload,dup,ifnonnull,1
aload_3,iload,new,dup,new,1
anewarray,astore_3,iconst_0,istore,iload_2,1
arraylength,iconst_1,isub,istore_3,iconst_1,1
arraylength,ifle,aload_1,iconst_0,aaload,1
arraylength,invokestatic,iinc,iconst_1,istore_3,1
arraylength,istore,iload_3,iload,if_icmpge,1
arraylength,istore_2,iload_1,iload_2,if_icmpge,1
arraylength,istore_3,iload_2,iload_3,if_icmpge,1
astore,getstatic,aload,invokevirtual,return,1
astore,iinc,goto,iload,iload,1
astore,nop,aload,dup,ifnonnull,1
astore_3,iconst_0,istore,iload_2,istore,1
bipush,if_icmple,aload_0,checkcast,invokestatic,1
bipush,invokestatic,invokestatic,iflt,invokestatic,1
checkcast,invokespecial,aastore,aload_3,iload,1
checkcast,invokestatic,iconst_0,iconst_0,invokevirtual,1
checkcast,invokestatic,iconst_m1,iconst_m1,invokevirtual,1
checkcast,invokestatic,iload,iload,invokevirtual,1
dup,aconst_null,invokespecial,putstatic,sipush,1
dup,iconst_0,invokespecial,invokestatic,invokestatic,1
dup,ifnonnull,invokestatic,arraylength,istore_3,1
dup,ifnonnull,invokestatic,getstatic,iaload,1
dup,ifnonnull,invokestatic,iconst_0,iconst_1,1
dup,ifnonnull,invokestatic,iload_2,iconst_1,1
dup,ifnonnull,invokestatic,iload_2,invokestatic,1
dup,ifnonnull,invokestatic,invokevirtual,goto,1
dup,ifnonnull,invokestatic,invokevirtual,iinc,1
dup,invokespecial,checkcast,invokespecial,aastore,1
dup,invokespecial,iload_3,invokestatic,invokevirtual,1
dup,new,dup,invokespecial,checkcast,1
dup2,dup2,iaload,iconst_1,iadd,1
dup2,iaload,iconst_1,iadd,iastore,1
getfield,arraylength,iconst_1,isub,istore_3,1
getfield,arraylength,invokestatic,iinc,iconst_1,1
getfield,arraylength,istore,iload_3,iload,1
getfield,arraylength,istore_2,iload_1,iload_2,1
getfield,iconst_0,aload_0,getfield,arraylength,1
getfield,iconst_0,aload_0,getfield,iconst_1,1
getfield,iconst_0,iaload,iastore,aload_0,1
getfield,iconst_0,iaload,ifeq,aload_0,1
getfield,iconst_0,iaload,istore_2,aload_0,1
getfield,iconst_0,iaload,istore_3,iconst_1,1
getfield,iconst_0,iload_1,iastore,iconst_1,1
getfield,iconst_0,iload_3,iconst_1,iadd,1
getfield,iconst_1,aload_0,getfield,iconst_0,1
getfield,iconst_1,iaload,iastore,aload_0,1
getfield,iconst_1,iaload,istore_1,aload_0,1
getfield,iload,aload_0,getfield,iload,1
getfield,iload,iaload,iastore,aload_0,1
getfield,iload,iconst_1,iadd,iaload,1
getfield,iload,iload,iadd,iaload,1
getfield,iload,iload,iadd,iload_3,1
getfield,iload,iload,iastore,iinc,1
getfield,iload,iload,iload,iadd,1
getfield,iload_1,iaload,iconst_1,iadd,1
getfield,iload_2,dup2,dup2,iaload,1
getfield,iload_2,iaload,ifeq,aload_0,1
getfield,iload_2,iaload,ifne,iload_1,1
getfield,iload_2,iaload,istore,aload_0,1
getfield,iload_2,iinc,iconst_0,iastore,1
getfield,iload_2,iload_1,iastore,iload_3,1
getfield,iload_2,iload_2,iastore,iload,1
getfield,iload_3,aload_0,getfield,iload,1
getfield,iload_3,iaload,istore,aload_0,1
getfield,iload_3,iload,iastore,iload_2,1
getfield,iload_3,iload_3,iastore,iinc,1
getstatic,dup,ifnonnull,invokestatic,getstatic,1
getstatic,iadd,invokestatic,istore_3,aload_0,1
getstatic,iaload,iload_2,getstatic,iadd,1
getstatic,if_icmpge,aload_0,iload_1,invokevirtual,1
getstatic,iload_3,invokevirtual,iinc,goto,1
getstatic,imul,istore_2,getstatic,dup,1
getstatic,newarray,putfield,getstatic,dup,1
goto,aload_0,getfield,iconst_0,iaload,1
goto,aload_0,getfield,iload,iload,1
goto,aload_0,getfield,iload_2,dup2,1
goto,getstatic,dup,ifnonnull,invokestatic,1
goto,iadd,istore,iinc,iload,1
goto,iastore,iload,iload,if_icmpeq,1
goto,iinc,goto,iload,iload,1
goto,iload,iload,if_icmpge,aload_0,1
goto,iload,iload,if_icmpge,aload_3,1
goto,iload_1,getstatic,if_icmpge,aload_0,1
goto,iload_1,iload_2,if_icmpge,aload_0,1
goto,iload_2,iload_3,if_icmpge,invokestatic,1
goto,iload_3,iload,if_icmplt,iload_2,1
goto,invokestatic,invokestatic,iflt,invokestatic,1
iadd,iaload,goto,iastore,iload,1
iadd,iaload,iastore,iinc,goto,1
iadd,iastore,iaload,iload_2,if_icmple,1
iadd,iload_3,if_icmpgt,aload_0,getfield,1
iadd,iload_3,isub,iconst_1,isub,1
iadd,invokestatic,iconst_0,istore,iload_3,1
iadd,invokestatic,istore_3,aload_0,iload_2,1
iadd,istore,iinc,goto,iload,1
iadd,istore,iinc,iload,iload_3,1
iadd,istore_3,getstatic,iload_3,invokevirtual,1
iadd,newarray,invokestatic,invokestatic,dup,1
iaload,goto,iastore,iload,iload,1
iaload,iastore,aload_0,getfield,iload,1
iaload,iastore,iinc,goto,iload,1
iaload,iastore,iload,iload,if_icmpeq,1
iaload,iconst_1,iadd,iastore,iaload,1
iaload,iconst_1,iadd,istore_3,getstatic,1
iaload,idiv,istore,aload_0,getfield,1
iaload,ifeq,aload_0,getfield,iconst_0,1
iaload,ifeq,aload_0,invokevirtual,istore,1
iaload,iload_2,getstatic,iadd,invokestatic,1
iaload,iload_2,if_icmple,aload_0,getfield,1
iaload,iload_2,imul,iastore,iinc,1
iaload,irem,istore_2,aload_0,getfield,1
iaload,istore,aload_0,getfield,iload_2,1
iaload,istore,aload_0,getfield,iload_3,1
iaload,istore,iload,iload,iadd,1
iaload,istore,iload,iload,invokestatic,1
iaload,istore_1,aload_0,getfield,iconst_1,1
iaload,istore_2,aload_0,getfield,iload_2,1
iaload,istore_3,iconst_1,istore,iload_2,1
iastore,aload_0,getfield,iconst_0,aload_0,1
iastore,aload_0,getfield,iconst_0,iaload,1
iastore,aload_0,getfield,iconst_0,iload_1,1
iastore,aload_0,getfield,iload,iload,1
iastore,getstatic,dup,ifnonnull,invokestatic,1
iastore,iaload,iload_2,if_icmple,aload_0,1
iastore,iconst_1,istore_2,aload_0,getfield,1
iastore,iconst_1,istore_2,invokestatic,dup,1
iastore,iinc,goto,iload,iload,1
iastore,iinc,goto,iload_2,iload_3,1
iastore,iinc,goto,iload_3,iload,1
iastore,iinc,iinc,goto,iload_3,1
iastore,iload,iload,if_icmpeq,iinc,1
iastore,iload,istore_2,aload_0,getfield,1
iastore,iload_2,getstatic,dup,ifnonnull,1
iastore,iload_3,istore_1,goto,aload_0,1
iconst_0,aaload,invokestatic,goto,invokestatic,1
iconst_0,aload_0,getfield,arraylength,invokestatic,1
iconst_0,aload_0,getfield,iconst_0,aload_0,1
iconst_0,aload_0,getfield,iconst_0,iload_3,1
iconst_0,aload_0,getfield,iconst_1,iaload,1
iconst_0,iaload,iastore,aload_0,getfield,1
iconst_0,iaload,ifeq,aload_0,invokevirtual,1
iconst_0,iaload,istore_2,aload_0,getfield,1
iconst_0,iaload,istore_3,iconst_1,istore,1
iconst_0,iastore,aload_0,getfield,iconst_0,1
iconst_0,iconst_1,iastore,iconst_1,istore_2,1
iconst_0,iload_1,iastore,iconst_1,istore_2,1
iconst_0,iload_3,iconst_1,iadd,invokestatic,1
iconst_0,invokespecial,invokestatic,invokestatic,invokevirtual,1
iconst_0,istore,iload_2,istore,aload_0,1
iconst_0,istore,iload_2,istore,iload,1
iconst_0,istore,iload_3,istore,iload,1
iconst_0,istore_1,aload_0,getfield,arraylength,1
iconst_0,istore_3,aload_0,getfield,arraylength,1
iconst_1,aload_0,getfield,iconst_0,iaload,1
iconst_1,iadd,iaload,iastore,iinc,1
iconst_1,iadd,iastore,iaload,iload_2,1
iconst_1,iadd,invokestatic,iconst_0,istore,1
iconst_1,iadd,istore_3,getstatic,iload_3,1
iconst_1,iadd,newarray,invokestatic,invokestatic,1
iconst_1,iaload,iastore,aload_0,getfield,1
iconst_1,iaload,istore_1,aload_0,getfield,1
iconst_1,iastore,iconst_1,istore_2,invokestatic,1
iconst_1,if_icmpgt,aload_0,checkcast,invokestatic,1
iconst_1,istore,iconst_0,istore,iload_2,1
iconst_1,istore,iload_2,istore,iload,1
iconst_1,istore,iload_3,iload,if_icmplt,1
iconst_1,istore_1,aload_0,getfield,iconst_0,1
iconst_1,istore_2,aload_0,getfield,iload_2,1
iconst_1,istore_2,invokestatic,dup,ifnonnull,1
iconst_1,istore_3,iload_2,iconst_1,isub,1
iconst_1,isub,iaload,iastore,iload,1
iconst_1,isub,iaload,iload_2,imul,1
iconst_1,isub,istore,iload_3,iload,1
iconst_1,isub,istore_3,iconst_1,istore,1
iconst_2,irem,ifne,iload,goto,1
idiv,invokestatic,invokestatic,dup,ifnonnull,1
idiv,invokestatic,invokestatic,newarray,invokestatic,1
idiv,istore,aload_0,getfield,iload_3,1
if_icmpeq,iinc,goto,aload_0,getfield,1
if_icmpge,aload,iload,aaload,astore,1
if_icmpge,aload_0,getfield,iload,aload_0,1
if_icmpge,aload_0,getfield,iload_1,iaload,1
if_icmpge,aload_0,getfield,iload_3,iaload,1
if_icmpge,aload_0,getfield,iload_3,iload_3,1
if_icmpge,aload_0,iload_1,invokevirtual,getstatic,1
if_icmpge,aload_3,iload,new,dup,1
if_icmpge,invokestatic,dup,ifnonnull,invokestatic,1
if_icmpgt,aload_0,checkcast,invokestatic,iconst_0,1
if_icmple,aload_0,checkcast,invokestatic,iconst_m1,1
if_icmple,aload_0,getfield,iload_2,iinc,1
if_icmplt,iload_2,getstatic,dup,ifnonnull,1
if_icmpne,goto,getstatic,dup,ifnonnull,1
ifeq,aload_0,getfield,iconst_0,aload_0,1
ifeq,aload_0,invokevirtual,istore,iload,1
ifle,aload_1,iconst_0,aaload,invokestatic,1
iflt,invokestatic,bipush,if_icmple,aload_0,1
ifne,iload,goto,iadd,istore,1
ifnonnull,invokestatic,arraylength,istore_3,iload_2,1
ifnonnull,invokestatic,getstatic,iaload,iload_2,1
ifnonnull,invokestatic,iconst_0,iconst_1,iastore,1
ifnonnull,invokestatic,iload_2,iconst_1,isub,1
ifnonnull,invokestatic,iload_2,invokestatic,dup,1
ifnonnull,invokestatic,iload_3,iaload,idiv,1
ifnonnull,invokestatic,iload_3,iaload,irem,1
ifnonnull,invokestatic,invokevirtual,goto,iinc,1
ifnonnull,invokestatic,invokevirtual,iinc,goto,1
ifnonnull,invokestatic,invokevirtual,istore_1,goto,1
ifnonnull,invokestatic,invokevirtual,istore_1,iload_1,1
iinc,goto,aload_0,getfield,iload,1
iinc,goto,iload_1,iload_2,if_icmpge,1
iinc,goto,iload_2,iload_3,if_icmpge,1
iinc,goto,iload_3,iload,if_icmplt,1
iinc,iconst_0,iastore,aload_0,getfield,1
iinc,iconst_1,istore_3,iload_2,iconst_1,1
iinc,iinc,goto,iload_3,iload,1
iinc,iload,iload_3,if_icmpne,goto,1
iload,aaload,astore,nop,aload,1
iload,aaload,dup,ifnonnull,invokestatic,1
iload,aload_0,getfield,iload,iconst_1,1
iload,goto,iadd,istore,iinc,1
iload,iadd,iaload,goto,iastore,1
iload,iadd,iload_3,if_icmpgt,aload_0,1
iload,iadd,iload_3,isub,iconst_1,1
iload,iadd,istore,iinc,goto,1
iload,iaload,iastore,aload_0,getfield,1
iload,iastore,getstatic,dup,ifnonnull,1
iload,iastore,iinc,iinc,goto,1
iload,iastore,iload_2,getstatic,dup,1
iload,iconst_1,iadd,iaload,iastore,1
iload,iconst_2,irem,ifne,iload,1
iload,if_icmpeq,iinc,goto,aload_0,1
iload,if_icmpge,aload,iload,aaload,1
iload,if_icmpge,aload_0,getfield,iload,1
iload,if_icmpge,aload_3,iload,new,1
iload,if_icmpgt,aload_0,getfield,iload,1
iload,if_icmplt,iload_2,getstatic,dup,1
iload,iload,iadd,iaload,goto,1
iload,iload,iadd,iload_3,if_icmpgt,1
iload,iload,iadd,iload_3,isub,1
iload,iload,iadd,istore,iinc,1
iload,iload,iastore,iinc,iinc,1
iload,iload,iconst_2,irem,ifne,1
iload,iload,if_icmpeq,iinc,goto,1
iload,iload,if_icmpge,aload_0,getfield,1
iload,iload,if_icmpge,aload_3,iload,1
iload,iload,if_icmpgt,aload_0,getfield,1
iload,iload,iload,iadd,iload_3,1
iload,iload,invokestatic,istore,iinc,1
iload,iload,invokestatic,istore,iload,1
iload,iload_3,if_icmpne,goto,getstatic,1
iload,ineg,iadd,istore,iinc,1
iload,invokestatic,istore,iinc,goto,1
iload,invokestatic,istore,iload,iload,1
iload,istore_2,aload_0,getfield,iload_2,1
iload,new,dup,new,dup,1
iload_1,getstatic,if_icmpge,aload_0,iload_1,1
iload_1,getstatic,imul,istore_2,getstatic,1
iload_1,iaload,iconst_1,iadd,istore_3,1
iload_1,iastore,iconst_1,istore_2,aload_0,1
iload_1,iastore,iload_3,istore_1,goto,1
iload_1,iload,iastore,getstatic,dup,1
iload_1,iload_2,if_icmpge,aload_0,getfield,1
iload_1,invokevirtual,getstatic,dup,ifnonnull,1
iload_1,invokevirtual,ldc,invokevirtual,iload_2,1
iload_1,istore_2,iconst_0,istore_3,aload_0,1
iload_2,anewarray,astore_3,iconst_0,istore,1
iload_2,dup2,dup2,iaload,iconst_1,1
iload_2,getstatic,iadd,invokestatic,istore_3,1
iload_2,iaload,ifeq,aload_0,getfield,1
iload_2,iaload,ifne,iload_1,ireturn,1
iload_2,iaload,istore,aload_0,getfield,1
iload_2,iastore,iload,istore_2,aload_0,1
iload_2,iconst_1,isub,iaload,iload_2,1
iload_2,iconst_1,isub,istore,iload_3,1
iload_2,if_icmpge,aload_0,getfield,iload_1,1
iload_2,if_icmple,aload_0,getfield,iload_2,1
iload_2,iinc,iconst_0,iastore,aload_0,1
iload_2,iload_1,iastore,iload_3,istore_1,1
iload_2,iload_2,iastore,iload,istore_2,1
iload_2,iload_3,if_icmpge,invokestatic,dup,1
iload_2,imul,iastore,iinc,goto,1
iload_2,invokestatic,dup,ifnonnull,invokestatic,1
iload_2,invokevirtual,iconst_1,istore,iconst_0,1
iload_2,invokevirtual,invokevirtual,astore,getstatic,1
iload_2,istore,aload_0,getfield,iconst_0,1
iload_3,aload_0,getfield,iload,iaload,1
iload_3,iaload,idiv,istore,aload_0,1
iload_3,iaload,irem,istore_2,aload_0,1
iload_3,iaload,istore,aload_0,getfield,1
iload_3,iastore,iinc,goto,iload_3,1
iload_3,iconst_1,iadd,invokestatic,iconst_0,1
iload_3,if_icmpge,invokestatic,dup,ifnonnull,1
iload_3,if_icmpgt,aload_0,getfield,iload,1
iload_3,if_icmpne,goto,getstatic,dup,1
iload_3,iload,iastore,iload_2,getstatic,1
iload_3,iload,if_icmplt,iload_2,getstatic,1
iload_3,iload_3,iastore,iinc,goto,1
iload_3,invokestatic,invokevirtual,ldc,invokevirtual,1
iload_3,invokevirtual,iinc,goto,iload_1,1
iload_3,istore,iload,iload,if_icmpgt,1
iload_3,istore_1,goto,aload_0,getfield,1
iload_3,isub,iconst_1,isub,iaload,1
imul,iastore,iinc,goto,iload_2,1
imul,istore_2,getstatic,dup,ifnonnull,1
ineg,iadd,istore,iinc,iload,1
invokespecial,aastore,aload_3,iload,aaload,1
invokespecial,aload_0,iconst_0,newarray,putfield,1
invokespecial,checkcast,invokespecial,aastore,aload_3,1
invokespecial,iload_3,invokestatic,invokevirtual,ldc,1
invokespecial,invokestatic,invokestatic,invokevirtual,istore_2,1
invokespecial,putstatic,sipush,putstatic,return,1
invokestatic,aload_1,arraylength,ifle,aload_1,1
invokestatic,arraylength,istore_3,iload_2,iload_3,1
invokestatic,bipush,if_icmple,aload_0,checkcast,1
invokestatic,dup,ifnonnull,invokestatic,arraylength,1
invokestatic,dup,ifnonnull,invokestatic,iconst_0,1
invokestatic,getstatic,aload_0,invokevirtual,return,1
invokestatic,getstatic,iaload,iload_2,getstatic,1
invokestatic,goto,invokestatic,invokestatic,iflt,1
invokestatic,iconst_0,iconst_0,invokevirtual,return,1
invokestatic,iconst_0,iconst_1,iastore,iconst_1,1
invokestatic,iconst_0,istore,iload_3,istore,1
invokestatic,iconst_1,iadd,newarray,invokestatic,1
invokestatic,iconst_1,if_icmpgt,aload_0,checkcast,1
invokestatic,iconst_m1,iconst_m1,invokevirtual,return,1
invokestatic,idiv,invokestatic,invokestatic,dup,1
invokestatic,idiv,invokestatic,invokestatic,newarray,1
invokestatic,iflt,invokestatic,bipush,if_icmple,1
invokestatic,iinc,iconst_1,istore_3,iload_2,1
invokestatic,iload,iload,invokevirtual,return,1
invokestatic,iload_1,iload,iastore,getstatic,1
invokestatic,iload_1,iload,iastore,return,1
invokestatic,iload_2,iconst_1,isub,iaload,1
invokestatic,iload_2,invokestatic,dup,ifnonnull,1
invokestatic,iload_3,iaload,idiv,istore,1
invokestatic,iload_3,iaload,irem,istore_2,1
invokestatic,invokestatic,iflt,invokestatic,bipush,1
invokestatic,invokestatic,invokevirtual,istore_2,iload_2,1
invokestatic,invokestatic,newarray,invokestatic,invokestatic,1
invokestatic,invokestatic,newarray,invokestatic,new,1
invokestatic,invokevirtual,goto,iinc,goto,1
invokestatic,invokevirtual,iinc,goto,iload,1
invokestatic,invokevirtual,istore_1,goto,iload_1,1
invokestatic,invokevirtual,istore_1,iload_1,getstatic,1
invokestatic,invokevirtual,istore_2,iload_2,anewarray,1
invokestatic,invokevirtual,ldc,invokevirtual,iload_1,1
invokestatic,istore,iinc,goto,iload,1
invokestatic,istore,iload,iload,iconst_2,1
invokestatic,istore_3,aload_0,iload_2,invokevirtual,1
invokestatic,new,dup,iconst_0,invokespecial,1
invokestatic,newarray,invokestatic,invokestatic,newarray,1
invokestatic,newarray,invokestatic,new,dup,1
invokevirtual,astore,getstatic,aload,invokevirtual,1
invokevirtual,getstatic,dup,ifnonnull,invokestatic,1
invokevirtual,goto,iinc,goto,iload,1
invokevirtual,iconst_1,istore,iconst_0,istore,1
invokevirtual,iinc,goto,iload,iload,1
invokevirtual,iinc,goto,iload_1,iload_2,1
invokevirtual,iload_1,invokevirtual,ldc,invokevirtual,1
invokevirtual,iload_2,invokevirtual,invokevirtual,astore,1
invokevirtual,invokevirtual,astore,getstatic,aload,1
invokevirtual,istore,iload,iload,invokestatic,1
invokevirtual,istore_1,goto,iload_1,getstatic,1
invokevirtual,istore_1,iload_1,getstatic,if_icmpge,1
invokevirtual,istore_2,iload_2,anewarray,astore_3,1
invokevirtual,ldc,invokevirtual,iload_1,invokevirtual,1
invokevirtual,ldc,invokevirtual,iload_2,invokevirtual,1
invokevirtual,pop,goto,aload_0,getfield,1
irem,ifne,iload,goto,iadd,1
irem,istore_2,aload_0,getfield,iconst_0,1
istore,aload_0,getfield,iconst_0,iaload,1
istore,aload_0,getfield,iload_2,iload_2,1
istore,aload_0,getfield,iload_3,aload_0,1
istore,aload_0,getfield,iload_3,iload,1
istore,iconst_0,istore,iload_2,istore,1
istore,iinc,iload,iload_3,if_icmpne,1
istore,iload,iload,iadd,istore,1
istore,iload,iload,iconst_2,irem,1
istore,iload,iload,if_icmpge,aload_0,1
istore,iload,iload,if_icmpge,aload_3,1
istore,iload,iload,if_icmpgt,aload_0,1
istore,iload_2,istore,aload_0,getfield,1
istore,iload_3,iload,if_icmplt,iload_2,1
istore,iload_3,istore,iload,iload,1
istore_1,aload_0,getfield,arraylength,istore_2,1
istore_1,aload_0,getfield,iconst_0,iaload,1
istore_1,aload_0,getfield,iconst_1,aload_0,1
istore_1,goto,aload_0,getfield,iload_2,1
istore_1,goto,iload_1,getstatic,if_icmpge,1
istore_1,iload_1,getstatic,if_icmpge,aload_0,1
istore_2,aload_0,getfield,iconst_0,aload_0,1
istore_2,aload_0,getfield,iload_2,dup2,1
istore_2,getstatic,dup,ifnonnull,invokestatic,1
istore_2,iconst_0,istore_3,aload_0,getfield,1
istore_2,iload_1,iload_2,if_icmpge,aload_0,1
istore_2,iload_2,anewarray,astore_3,iconst_0,1
istore_2,invokestatic,dup,ifnonnull,invokestatic,1
istore_3,aload_0,getfield,arraylength,istore,1
istore_3,aload_0,iload_2,invokevirtual,iconst_1,1
istore_3,getstatic,iload_3,invokevirtual,iinc,1
istore_3,iconst_1,istore,iload_2,istore,1
istore_3,iconst_1,istore,iload_3,iload,1
istore_3,iload_2,iconst_1,isub,istore,1
istore_3,iload_2,iload_3,if_icmpge,invokestatic,1
isub,iaload,iastore,iload,iload,1
isub,iaload,iload_2,imul,iastore,1
isub,iconst_1,isub,iaload,iastore,1
isub,istore,iload_3,iload,if_icmpge,1
isub,istore_3,iconst_1,istore,iload_3,1
ldc,invokestatic,aload_1,arraylength,ifle,1
ldc,invokestatic,getstatic,aload_0,invokevirtual,1
ldc,invokevirtual,iload_1,invokevirtual,ldc,1
ldc,invokevirtual,iload_2,invokevirtual,invokevirtual,1
new,dup,aconst_null,invokespecial,putstatic,1
new,dup,iconst_0,invokespecial,invokestatic,1
new,dup,invokespecial,checkcast,invokespecial,1
new,dup,invokespecial,iload_3,invokestatic,1
new,dup,new,dup,invokespecial,1
newarray,invokestatic,invokestatic,dup,ifnonnull,1
newarray,invokestatic,invokestatic,newarray,invokestatic,1
newarray,invokestatic,new,dup,iconst_0,1
newarray,putfield,getstatic,dup,ifnonnull,1
nop,aload,dup,ifnonnull,invokestatic,1
pop,goto,aload_0,getfield,iconst_0,1
putfield,getstatic,dup,ifnonnull,invokestatic,1
