aload_0,ldc2_w,putfield,aload_0,ldc2_w,24
ldc2_w,putfield,aload_0,ldc2_w,putfield,24
putfield,aload_0,ldc2_w,putfield,aload_0,24
aload,dup,getfield,dload,dload,6
aload_0,getfield,iload,aaload,getfield,6
dload,dload,dmul,dload,dmul,6
dup,getfield,dload,dload,dmul,6
getfield,dload,dload,dmul,dload,6
aload_0,ldc2_w,putfield,aload_0,areturn,5
astore_0,aload_0,ldc2_w,putfield,aload_0,5
dup,invokespecial,astore_0,aload_0,ldc2_w,5
invokespecial,astore_0,aload_0,ldc2_w,putfield,5
new,dup,invokespecial,astore_0,aload_0,5
putfield,aload,dup,getfield,dload,5
aload,getfield,aload,getfield,dmul,4
dadd,putfield,aload,dup,getfield,4
dmul,dadd,putfield,aload,dup,4
aaload,getfield,aload_0,getfield,iload,3
aload,dup,getfield,dload_1,aload,3
aload,getfield,aload,getfield,dsub,3
aload,getfield,dmul,dadd,putfield,3
aload,getfield,dstore,aload,getfield,3
aload,getfield,dsub,dstore,dload,3
dload,aload,getfield,dsub,dstore,3
dload,dmul,dload,dmul,dadd,3
dload,dmul,dload,dmul,dsub,3
dload,dmul,dsub,putfield,aload,3
dload_1,aload,getfield,dmul,dadd,3
dmul,dload,dmul,dadd,putfield,3
dmul,dload,dmul,dsub,putfield,3
dmul,dsub,putfield,aload,dup,3
dneg,ldc2_w,ddiv,putfield,aload_0,3
dstore,aload,getfield,dstore,aload,3
dsub,putfield,aload,dup,getfield,3
dup,getfield,dload_1,aload,getfield,3
getfield,aload_0,getfield,iload,aaload,3
getfield,dload_1,aload,getfield,dmul,3
getfield,dstore,aload,getfield,dstore,3
getfield,iload,aaload,getfield,aload_0,3
getfield,iload,aaload,getfield,dmul,3
if_icmpge,aload_3,iload,aaload,astore,3
iinc,goto,iload,iconst_5,if_icmpge,3
iload,aaload,getfield,aload_0,getfield,3
iload,aaload,getfield,dmul,dadd,3
aload,getfield,dmul,aload,getfield,2
aload_0,getfield,arraylength,if_icmpge,aload_0,2
aload_0,getfield,iload,aaload,astore,2
aload_2,invokevirtual,invokestatic,aastore,invokevirtual,2
aload_3,iload,aaload,astore,aload,2
anewarray,dup,iconst_0,aload_2,invokevirtual,2
arraylength,if_icmpge,aload_0,getfield,iload,2
dadd,dload,dload,dmul,dadd,2
dadd,putfield,iinc,goto,iload,2
dconst_0,dstore,iconst_0,istore,iload,2
dload,dmul,dadd,putfield,aload,2
dmul,aload,getfield,aload,getfield,2
dmul,dadd,dload,dload,dmul,2
dmul,dadd,putfield,iinc,goto,2
dstore,dload,aload,getfield,dsub,2
dstore,iload,iconst_1,iadd,istore,2
dsub,dstore,dload,aload,getfield,2
dup,iconst_0,aload_2,invokevirtual,invokestatic,2
getfield,aload,getfield,dmul,dadd,2
getfield,arraylength,if_icmpge,aload_0,getfield,2
getfield,dmul,aload,getfield,aload,2
getfield,dmul,dadd,putfield,aload,2
getfield,dsub,dstore,dload,aload,2
getstatic,ldc,iconst_1,anewarray,dup,2
goto,iload,aload_0,getfield,arraylength,2
goto,iload,iconst_5,if_icmpge,aload_3,2
iconst_0,aload_2,invokevirtual,invokestatic,aastore,2
iconst_0,istore,iload,iconst_5,if_icmpge,2
iconst_1,anewarray,dup,iconst_0,aload_2,2
iconst_5,if_icmpge,aload_3,iload,aaload,2
if_icmpge,aload_0,getfield,iload,aaload,2
iinc,goto,iload,aload_0,getfield,2
iload,aaload,astore,aload,getfield,2
iload,aload_0,getfield,arraylength,if_icmpge,2
iload,iconst_1,iadd,istore,iload,2
iload,iconst_5,if_icmpge,aload_3,iload,2
invokevirtual,invokestatic,aastore,invokevirtual,pop,2
istore,iload,aload_0,getfield,arraylength,2
istore,iload,iconst_5,if_icmpge,aload_3,2
ldc,iconst_1,anewarray,dup,iconst_0,2
putfield,aload,dup,getfield,dload_1,2
putfield,iinc,goto,iload,iconst_5,2
aaload,astore,aload,dup,getfield,1
aaload,astore,aload,getfield,aload,1
aaload,astore,aload,getfield,dstore,1
aaload,astore,dload,aload,getfield,1
aaload,astore,dload,ldc2_w,aload,1
aaload,dload_1,dload_3,dload,invokevirtual,1
aaload,getfield,dmul,dadd,dstore,1
aaload,getfield,dmul,dadd,dstore_1,1
aaload,getfield,dmul,dadd,dstore_3,1
aaload,invokestatic,istore_1,new,dup,1
aastore,dup,iconst_1,invokestatic,aastore,1
aastore,dup,iconst_2,invokestatic,aastore,1
aastore,dup,iconst_3,invokestatic,aastore,1
aastore,dup,iconst_4,invokestatic,aastore,1
aastore,invokevirtual,pop,iconst_0,istore_3,1
aastore,putfield,dconst_0,dstore_1,dconst_0,1
aload,getfield,dmul,dadd,aload,1
aload,getfield,dmul,dadd,dmul,1
aload,getfield,dmul,dload,ddiv,1
aload,getfield,dstore,aload,dup,1
aload,getfield,dstore,iload,iconst_1,1
aload,getfield,dsub,dstore,dload_1,1
aload,getfield,dsub,dstore_1,aload,1
aload,getfield,dsub,dstore_3,aload,1
aload_0,dload,dneg,ldc2_w,ddiv,1
aload_0,dload_1,dneg,ldc2_w,ddiv,1
aload_0,dload_3,dneg,ldc2_w,ddiv,1
aload_0,getfield,astore_3,iconst_0,istore,1
aload_0,getfield,iconst_0,aaload,dload_1,1
aload_0,iconst_0,aaload,invokestatic,istore_1,1
aload_0,iconst_5,anewarray,dup,iconst_0,1
aload_0,invokespecial,aload_0,iconst_5,anewarray,1
aload_2,ldc2_w,invokevirtual,iinc,goto,1
aload_3,iload,aaload,astore,dload,1
anewarray,dup,iconst_0,invokestatic,aastore,1
astore,aload,dup,getfield,dload_1,1
astore,aload,getfield,aload,getfield,1
astore,aload,getfield,dstore,aload,1
astore,dload,aload,getfield,dsub,1
astore,dload,ldc2_w,aload,getfield,1
astore_2,getstatic,ldc,iconst_1,anewarray,1
astore_3,iconst_0,istore,iload,iconst_4,1
dadd,aload,getfield,aload,getfield,1
dadd,dmul,dadd,dstore,iload,1
dadd,dstore,dload,invokestatic,dstore,1
dadd,dstore,iinc,goto,iload,1
dadd,dstore,iload,iconst_1,iadd,1
dadd,dstore_1,dload_3,aload_0,getfield,1
dadd,dstore_3,dload,aload_0,getfield,1
dadd,invokestatic,dstore,dload,aload,1
dconst_0,dstore_1,dconst_0,dstore_3,dconst_0,1
dconst_0,dstore_3,dconst_0,dstore,iconst_0,1
ddiv,dstore,aload,getfield,dstore,1
ddiv,dsub,dstore,iinc,goto,1
ddiv,putfield,aload_0,dload,dneg,1
ddiv,putfield,aload_0,dload_3,dneg,1
dload,aload,getfield,aload,getfield,1
dload,aload_0,getfield,iload,aaload,1
dload,ddiv,dsub,dstore,iinc,1
dload,dload,dmul,dadd,dload,1
dload,dload,dmul,dadd,dstore,1
dload,dload,dmul,dadd,invokestatic,1
dload,dload,dmul,ddiv,dstore,1
dload,dload,dmul,dload,dload,1
dload,dmul,dadd,dload,dload,1
dload,dmul,dadd,dstore,dload,1
dload,dmul,dadd,invokestatic,dstore,1
dload,dmul,dadd,putfield,iinc,1
dload,dmul,ddiv,dstore,aload,1
dload,dmul,dload,dload,dmul,1
dload,dneg,ldc2_w,ddiv,putfield,1
dload,invokestatic,dstore,dload_1,dload,1
dload,ldc2_w,aload,getfield,dmul,1
dload_1,aload_0,getfield,iload,aaload,1
dload_1,dload,dload,dmul,ddiv,1
dload_1,dload_1,dmul,dload_3,dload_3,1
dload_1,dload_3,dload,invokevirtual,pop,1
dload_1,dmul,dload_3,dload_3,dmul,1
dload_1,dneg,ldc2_w,ddiv,putfield,1
dload_3,aload_0,getfield,iload,aaload,1
dload_3,dload,invokevirtual,pop,return,1
dload_3,dload_3,dmul,dadd,dload,1
dload_3,dmul,dadd,dload,dload,1
dload_3,dneg,ldc2_w,ddiv,putfield,1
dmul,dadd,aload,getfield,aload,1
dmul,dadd,dmul,dadd,dstore,1
dmul,dadd,dstore,dload,invokestatic,1
dmul,dadd,dstore,iinc,goto,1
dmul,dadd,dstore,iload,iconst_1,1
dmul,dadd,dstore_1,dload_3,aload_0,1
dmul,dadd,dstore_3,dload,aload_0,1
dmul,dadd,invokestatic,dstore,dload,1
dmul,ddiv,dstore,aload,getfield,1
dmul,dload,ddiv,dsub,dstore,1
dmul,dload,dload,dmul,dadd,1
dmul,dload_3,dload_3,dmul,dadd,1
dstore,aload,dup,getfield,dload,1
dstore,aload,getfield,dstore,iload,1
dstore,dload,aload,getfield,aload,1
dstore,dload,dload,dmul,dload,1
dstore,dload,invokestatic,dstore,dload_1,1
dstore,dload_1,dload,dload,dmul,1
dstore,dload_1,dload_1,dmul,dload_3,1
dstore,iconst_0,istore,iload,aload_0,1
dstore,iconst_0,istore,iload,iconst_5,1
dstore,iinc,goto,iload,aload_0,1
dstore,iinc,goto,iload,iconst_5,1
dstore_1,aload,getfield,aload,getfield,1
dstore_1,dconst_0,dstore_3,dconst_0,dstore,1
dstore_1,dload_3,aload_0,getfield,iload,1
dstore_3,aload,getfield,aload,getfield,1
dstore_3,dconst_0,dstore,iconst_0,istore,1
dstore_3,dload,aload_0,getfield,iload,1
dsub,dstore,dload,dload,dmul,1
dsub,dstore,dload_1,dload_1,dmul,1
dsub,dstore,iinc,goto,iload,1
dsub,dstore_1,aload,getfield,aload,1
dsub,dstore_3,aload,getfield,aload,1
dup,iconst_0,invokestatic,aastore,dup,1
dup,iconst_1,invokestatic,aastore,dup,1
dup,iconst_2,invokestatic,aastore,dup,1
dup,iconst_3,invokestatic,aastore,dup,1
dup,iconst_4,invokestatic,aastore,putfield,1
dup,invokespecial,astore_2,getstatic,ldc,1
getfield,aload,getfield,dmul,aload,1
getfield,aload,getfield,dmul,dload,1
getfield,aload,getfield,dsub,dstore,1
getfield,aload,getfield,dsub,dstore_1,1
getfield,aload,getfield,dsub,dstore_3,1
getfield,astore_3,iconst_0,istore,iload,1
getfield,dmul,dadd,aload,getfield,1
getfield,dmul,dadd,dmul,dadd,1
getfield,dmul,dadd,dstore,iinc,1
getfield,dmul,dadd,dstore_1,dload_3,1
getfield,dmul,dadd,dstore_3,dload,1
getfield,dmul,dadd,putfield,iinc,1
getfield,dmul,dload,ddiv,dsub,1
getfield,dstore,aload,dup,getfield,1
getfield,dstore,iload,iconst_1,iadd,1
getfield,dsub,dstore,dload,dload,1
getfield,dsub,dstore,dload_1,dload_1,1
getfield,dsub,dstore_1,aload,getfield,1
getfield,dsub,dstore_3,aload,getfield,1
getfield,iconst_0,aaload,dload_1,dload_3,1
getfield,iload,aaload,astore,aload,1
getfield,iload,aaload,astore,dload,1
goto,iload,iconst_4,if_icmpge,aload_3,1
goto,iload,iconst_5,if_icmpge,dload_1,1
goto,iload_3,iload_1,if_icmpge,aload_2,1
iadd,istore,iload,aload_0,getfield,1
iadd,istore,iload,iconst_5,if_icmpge,1
iconst_0,aaload,dload_1,dload_3,dload,1
iconst_0,aaload,invokestatic,istore_1,new,1
iconst_0,invokestatic,aastore,dup,iconst_1,1
iconst_0,istore,iload,aload_0,getfield,1
iconst_0,istore,iload,iconst_4,if_icmpge,1
iconst_0,istore_3,iload_3,iload_1,if_icmpge,1
iconst_1,iadd,istore,iload,aload_0,1
iconst_1,iadd,istore,iload,iconst_5,1
iconst_1,invokestatic,aastore,dup,iconst_2,1
iconst_2,invokestatic,aastore,dup,iconst_3,1
iconst_3,invokestatic,aastore,dup,iconst_4,1
iconst_4,if_icmpge,aload_3,iload,aaload,1
iconst_4,invokestatic,aastore,putfield,dconst_0,1
iconst_5,anewarray,dup,iconst_0,invokestatic,1
iconst_5,if_icmpge,dload_1,aload_0,getfield,1
if_icmpge,aload_2,ldc2_w,invokevirtual,iinc,1
if_icmpge,dload_1,aload_0,getfield,iload,1
iinc,goto,iload,iconst_4,if_icmpge,1
iinc,goto,iload_3,iload_1,if_icmpge,1
iload,aaload,astore,aload,dup,1
iload,aaload,astore,dload,aload,1
iload,aaload,astore,dload,ldc2_w,1
iload,iconst_4,if_icmpge,aload_3,iload,1
iload,iconst_5,if_icmpge,dload_1,aload_0,1
iload_1,if_icmpge,aload_2,ldc2_w,invokevirtual,1
iload_3,iload_1,if_icmpge,aload_2,ldc2_w,1
invokespecial,aload_0,iconst_5,anewarray,dup,1
invokespecial,astore_2,getstatic,ldc,iconst_1,1
invokestatic,aastore,dup,iconst_1,invokestatic,1
invokestatic,aastore,dup,iconst_2,invokestatic,1
invokestatic,aastore,dup,iconst_3,invokestatic,1
invokestatic,aastore,dup,iconst_4,invokestatic,1
invokestatic,aastore,invokevirtual,pop,iconst_0,1
invokestatic,aastore,invokevirtual,pop,return,1
invokestatic,aastore,putfield,dconst_0,dstore_1,1
invokestatic,dstore,dload,aload,getfield,1
invokestatic,dstore,dload_1,dload,dload,1
invokestatic,istore_1,new,dup,invokespecial,1
invokevirtual,iinc,goto,iload_3,iload_1,1
invokevirtual,pop,iconst_0,istore_3,iload_3,1
istore,iload,iconst_4,if_icmpge,aload_3,1
istore,iload,iconst_5,if_icmpge,dload_1,1
istore_1,new,dup,invokespecial,astore_2,1
istore_3,iload_3,iload_1,if_icmpge,aload_2,1
ldc2_w,aload,getfield,dmul,aload,1
ldc2_w,ddiv,putfield,aload_0,areturn,1
ldc2_w,ddiv,putfield,aload_0,dload,1
ldc2_w,ddiv,putfield,aload_0,dload_3,1
ldc2_w,invokevirtual,iinc,goto,iload_3,1
new,dup,invokespecial,astore_2,getstatic,1
pop,iconst_0,istore_3,iload_3,iload_1,1
putfield,aload_0,dload,dneg,ldc2_w,1
putfield,aload_0,dload_3,dneg,ldc2_w,1
putfield,dconst_0,dstore_1,dconst_0,dstore_3,1
