dload,dload,dmul,dload,6
dload,dmul,dload,dload,6
dmul,dload,dload,dmul,6
goto,iload,iload,if_icmpge,6
iinc,goto,iload,iload,6
istore,iload,iload,if_icmpge,6
iload,iload,if_icmpge,aload,5
aload_1,ldc,invokestatic,aload_1,4
daload,dadd,dstore,dload,4
dload,dload,dmul,dadd,4
dstore,dload,dload,dmul,4
dstore,dload,dstore,dload,4
getstatic,iload_1,iload,iadd,4
iload,if_icmpge,aload,iload,4
invokestatic,aload_1,putstatic,return,4
ldc,invokestatic,aload_1,putstatic,4
astore,aload,dup,ifnonnull,3
invokevirtual,iinc,goto,iload,3
aaload,astore,aload,dup,2
aastore,iinc,goto,iload,2
aload,arraylength,istore,iconst_0,2
aload,arraylength,istore,iload,2
aload,astore,aload,arraylength,2
aload,dup,ifnonnull,invokestatic,2
aload,iload,aaload,astore,2
anewarray,astore,iconst_0,istore,2
arraylength,istore,iconst_0,istore,2
arraylength,istore,iload,iload,2
astore,aload,arraylength,istore,2
astore,iconst_0,istore,aload,2
bipush,iadd,newarray,putstatic,2
dadd,dstore,dload,dload,2
dadd,dstore,dload,dstore,2
dadd,getstatic,iload_2,daload,2
dadd,iconst_4,i2d,dcmpl,2
daload,dstore,getstatic,iload_2,2
dload,dload,dmul,dsub,2
dload,dmul,dadd,getstatic,2
dload,dmul,dadd,iconst_4,2
dload,dmul,dsub,getstatic,2
dload,dstore,dload,dload,2
dload,dstore,dload,dstore,2
dmul,dadd,getstatic,iload_2,2
dmul,dadd,iconst_4,i2d,2
dmul,dsub,getstatic,iload_1,2
dstore,getstatic,iload_2,daload,2
dsub,getstatic,iload_1,iload,2
dup,ifnonnull,invokestatic,invokevirtual,2
getstatic,iload,iload,i2d,2
getstatic,iload_2,daload,dadd,2
getstatic,iload_2,daload,dstore,2
getstatic,invokevirtual,invokevirtual,istore_1,2
goto,iload_3,iconst_2,ishl,2
i2d,dcmpl,ifle,iload,2
iadd,daload,dadd,dstore,2
iadd,daload,dstore,getstatic,2
iadd,iconst_1,iadd,daload,2
iconst_0,istore,aload,arraylength,2
iconst_0,istore,iload,iload,2
iconst_0,istore,iload_1,istore,2
iconst_3,if_icmpne,goto,iload_3,2
iconst_4,i2d,dcmpl,ifle,2
if_icmpge,aload,iload,aaload,2
if_icmpne,goto,iload_3,iconst_2,2
ifnonnull,invokestatic,invokevirtual,iinc,2
iload,aaload,astore,aload,2
iload,i2d,dload_2,dmul,2
iload,iadd,iconst_1,iadd,2
iload,iconst_3,if_icmpne,goto,2
iload,iload,i2d,dload_2,2
iload_1,bipush,iadd,newarray,2
iload_1,iload,iadd,daload,2
iload_1,iload,iadd,iconst_1,2
iload_1,invokevirtual,bipush,invokevirtual,2
iload_1,istore,iload,iload,2
iload_2,daload,dadd,dstore,2
invokestatic,invokevirtual,iinc,goto,2
invokevirtual,iload_1,invokevirtual,bipush,2
ior,istore,iload,iconst_3,2
istore,aload,arraylength,istore,2
istore,iconst_0,istore,iload,2
istore,iload,iconst_3,if_icmpne,2
istore,iload_1,istore,iload,2
new,dup,invokespecial,putstatic,2
putstatic,iconst_0,newarray,putstatic,2
aaload,invokestatic,istore_1,iload_1,1
aaload,invokevirtual,getstatic,invokevirtual,1
aaload,invokevirtual,iinc,goto,1
aload,aastore,iinc,goto,1
aload,aload,invokevirtual,iconst_0,1
aload,checkcast,putstatic,iconst_2,1
aload,dup,ifnonnull,new,1
aload,getstatic,iload,aaload,1
aload,iload,aload,aastore,1
aload,iload,iload,istore,1
aload,iload,new,dup,1
aload,invokevirtual,dup,ldc,1
aload,invokevirtual,iconst_0,istore,1
aload,new,dup,invokespecial,1
aload_0,arraylength,iconst_1,if_icmplt,1
aload_0,iconst_0,aaload,invokestatic,1
aload_0,iload_3,bipush,imul,1
aload_0,ldc,invokestatic,aload_0,1
aload_0,ldc,invokestatic,sipush,1
aload_0,putstatic,iconst_0,anewarray,1
aload_2,arraylength,istore,iload_3,1
aload_2,iload_3,aload_0,iload_3,1
aload_2,ldc,invokestatic,iconst_0,1
anewarray,checkcast,putstatic,new,1
arraylength,iconst_1,if_icmplt,aload_0,1
arraylength,if_icmpge,getstatic,iload_1,1
arraylength,istore,iload_3,iload,1
astore,aload,aload,invokevirtual,1
astore,aload,iload,aload,1
astore,aload,new,dup,1
astore,astore,getstatic,astore,1
astore,getstatic,astore,aload,1
astore,iconst_0,istore,iload_1,1
astore_0,aload_0,putstatic,iconst_0,1
bastore,iinc,goto,iload_3,1
bipush,iadd,bipush,idiv,1
bipush,idiv,newarray,astore,1
bipush,if_icmpge,getstatic,iload_1,1
bipush,imul,iload_1,invokevirtual,1
bipush,invokevirtual,iload_1,invokevirtual,1
bipush,invokevirtual,invokevirtual,astore,1
bipush,istore,dload,dload,1
checkcast,aastore,iinc,goto,1
checkcast,arraylength,if_icmpge,getstatic,1
checkcast,invokespecial,astore,aload,1
checkcast,putstatic,iconst_2,invokestatic,1
checkcast,putstatic,new,dup,1
daload,dstore,getstatic,iload_1,1
daload,dstore,iconst_0,istore,1
dastore,getstatic,iload,iload,1
dastore,iinc,goto,iload,1
dcmpl,ifle,iload,iconst_1,1
dcmpl,ifle,iload,iconst_2,1
dconst_1,dsub,dastore,getstatic,1
ddiv,dstore_2,iconst_0,istore,1
dload_2,dmul,dconst_1,dsub,1
dload_2,dmul,ldc2_w,dsub,1
dmul,dconst_1,dsub,dastore,1
dmul,ldc2_w,dsub,dastore,1
dstore,getstatic,iload_1,iload,1
dstore,iconst_0,istore,bipush,1
dstore_2,iconst_0,istore,iload_1,1
dsub,dastore,getstatic,iload,1
dsub,dastore,iinc,goto,1
dup,getstatic,checkcast,invokespecial,1
dup,ifnonnull,new,dup,1
dup,invokespecial,astore_0,aload_0,1
dup,invokespecial,checkcast,aastore,1
dup,invokespecial,ldc,invokevirtual,1
dup,invokespecial,putstatic,iconst_0,1
dup,invokespecial,putstatic,iload_1,1
dup,ldc,invokespecial,athrow,1
dup,ldc,invokestatic,astore,1
getstatic,astore,aload,dup,1
getstatic,checkcast,invokespecial,astore,1
getstatic,iload,aaload,invokevirtual,1
getstatic,iload_1,getstatic,invokevirtual,1
getstatic,invokevirtual,checkcast,arraylength,1
getstatic,invokevirtual,iload_1,aaload,1
goto,iload,bipush,if_icmpge,1
goto,iload_1,getstatic,invokevirtual,1
goto,iload_3,iload,if_icmpge,1
i2b,bastore,iinc,goto,1
i2d,ddiv,dstore_2,iconst_0,1
i2d,dload_2,dmul,dconst_1,1
i2d,dload_2,dmul,ldc2_w,1
iadd,bipush,idiv,newarray,1
iadd,istore,goto,iload,1
iadd,istore_3,iload,iconst_2,1
iadd,newarray,putstatic,iload_1,1
iadd,newarray,putstatic,ldc2_w,1
iconst_0,aaload,invokestatic,istore_1,1
iconst_0,anewarray,checkcast,putstatic,1
iconst_0,istore,bipush,istore,1
iconst_0,istore,iload,bipush,1
iconst_0,istore,iload_1,bipush,1
iconst_0,istore_3,aload_2,arraylength,1
iconst_0,istore_3,iconst_0,istore,1
iconst_0,newarray,putstatic,iconst_0,1
iconst_0,newarray,putstatic,return,1
iconst_1,iadd,daload,dadd,1
iconst_1,iadd,daload,dstore,1
iconst_1,if_icmplt,aload_0,iconst_0,1
iconst_1,ior,istore,iload,1
iconst_2,iadd,istore,goto,1
iconst_2,invokestatic,invokevirtual,imul,1
iconst_2,ior,istore,iload,1
iconst_2,ishl,iload,iadd,1
idiv,newarray,astore,aload,1
if_icmpge,aload,getstatic,iload,1
if_icmpge,aload,iload,iload,1
if_icmpge,aload,iload,new,1
if_icmpge,aload_2,iload_3,aload_0,1
if_icmpge,getstatic,iload,iload,1
if_icmpge,getstatic,iload_1,getstatic,1
if_icmpge,getstatic,iload_1,iload,1
if_icmplt,aload_0,iconst_0,aaload,1
ifgt,iload_3,iconst_2,ishl,1
ifle,iload,iconst_1,ior,1
ifle,iload,iconst_2,ior,1
ifnonnull,new,dup,ldc,1
iinc,goto,iload_3,iload,1
iinc,iload,ifgt,iload_3,1
iload,aaload,invokevirtual,iinc,1
iload,aload,aastore,iinc,1
iload,anewarray,astore,iconst_0,1
iload,bipush,if_icmpge,getstatic,1
iload,iadd,daload,dadd,1
iload,iadd,daload,dstore,1
iload,iadd,istore_3,iload,1
iload,iconst_1,ior,istore,1
iload,iconst_2,iadd,istore,1
iload,iconst_2,ior,istore,1
iload,if_icmpge,aload,getstatic,1
iload,if_icmpge,aload_2,iload_3,1
iload,if_icmpge,getstatic,iload,1
iload,ifgt,iload_3,iconst_2,1
iload,iload,if_icmpge,getstatic,1
iload,iload,istore,istore,1
iload,istore,istore,astore,1
iload,new,dup,invokespecial,1
iload_1,aaload,invokevirtual,getstatic,1
iload_1,bipush,iadd,bipush,1
iload_1,getstatic,invokevirtual,checkcast,1
iload_1,getstatic,invokevirtual,iload_1,1
iload_1,i2d,ddiv,dstore_2,1
iload_1,invokevirtual,i2b,bastore,1
iload_1,istore,iload,anewarray,1
iload_2,daload,dstore,getstatic,1
iload_2,daload,dstore,iconst_0,1
iload_3,aload_0,iload_3,bipush,1
iload_3,bipush,imul,iload_1,1
iload_3,iconst_2,ishl,iload,1
iload_3,iconst_m1,ixor,ireturn,1
iload_3,iload,if_icmpge,aload_2,1
imul,anewarray,astore,iconst_0,1
imul,iload_1,invokevirtual,i2b,1
invokespecial,astore,aload,new,1
invokespecial,astore_0,aload_0,putstatic,1
invokespecial,checkcast,aastore,iinc,1
invokespecial,ldc,invokevirtual,iload_1,1
invokespecial,putstatic,iconst_0,newarray,1
invokespecial,putstatic,iload_1,istore,1
invokestatic,aload_0,invokestatic,return,1
invokestatic,astore,aload,aload,1
invokestatic,iconst_0,istore_3,aload_2,1
invokestatic,invokevirtual,imul,anewarray,1
invokestatic,istore_1,iload_1,bipush,1
invokestatic,sipush,istore_1,aload_0,1
invokevirtual,astore,astore,getstatic,1
invokevirtual,bipush,invokevirtual,iload_1,1
invokevirtual,bipush,invokevirtual,invokevirtual,1
invokevirtual,checkcast,arraylength,if_icmpge,1
invokevirtual,dup,ldc,invokestatic,1
invokevirtual,getstatic,invokevirtual,invokevirtual,1
invokevirtual,i2b,bastore,iinc,1
invokevirtual,iconst_0,istore,iload_1,1
invokevirtual,iload_1,aaload,invokevirtual,1
invokevirtual,imul,anewarray,astore,1
invokevirtual,invokevirtual,astore,astore,1
invokevirtual,invokevirtual,istore_1,goto,1
invokevirtual,invokevirtual,istore_1,iload_1,1
invokevirtual,istore_1,goto,iload_1,1
invokevirtual,istore_1,iload_1,getstatic,1
ishl,iload,iadd,istore_3,1
istore,astore,iconst_0,istore,1
istore,bipush,istore,dload,1
istore,dload,dload,dmul,1
istore,goto,iload,bipush,1
istore,iload,anewarray,astore,1
istore,iload,bipush,if_icmpge,1
istore,iload_1,bipush,iadd,1
istore,iload_3,iload,if_icmpge,1
istore,istore,astore,iconst_0,1
istore_1,aload_0,arraylength,iconst_1,1
istore_1,goto,iload_1,getstatic,1
istore_1,iload_1,bipush,iadd,1
istore_1,iload_1,getstatic,invokevirtual,1
istore_3,aload_2,arraylength,istore,1
istore_3,iconst_0,istore,iload,1
istore_3,iload,iconst_2,iadd,1
ldc,invokestatic,aload_0,invokestatic,1
ldc,invokestatic,astore,aload,1
ldc,invokestatic,iconst_0,istore_3,1
ldc,invokestatic,sipush,istore_1,1
ldc,invokevirtual,iload_1,invokevirtual,1
ldc2_w,dsub,dastore,iinc,1
ldc2_w,iload_1,i2d,ddiv,1
new,dup,getstatic,checkcast,1
new,dup,invokespecial,astore_0,1
new,dup,invokespecial,checkcast,1
new,dup,invokespecial,ldc,1
new,dup,ldc,invokespecial,1
newarray,astore,aload,iload,1
newarray,putstatic,iconst_0,newarray,1
newarray,putstatic,iload_1,bipush,1
newarray,putstatic,ldc2_w,iload_1,1
putstatic,iconst_0,anewarray,checkcast,1
putstatic,iconst_2,invokestatic,invokevirtual,1
putstatic,iload_1,bipush,iadd,1
putstatic,iload_1,istore,iload,1
putstatic,ldc2_w,iload_1,i2d,1
putstatic,new,dup,invokespecial,1
sipush,istore_1,aload_0,arraylength,1
