bastore,dup,bipush,bipush,bastore,9
bipush,bastore,dup,bipush,bipush,9
dastore,dup,bipush,ldc2_w,dastore,9
ldc2_w,dastore,dup,bipush,ldc2_w,9
bipush,bipush,bastore,dup,bipush,8
bipush,ldc2_w,dastore,dup,bipush,8
dup,bipush,bipush,bastore,dup,8
dup,bipush,ldc2_w,dastore,dup,8
getstatic,getstatic,invokevirtual,getstatic,arraylength,5
getstatic,invokevirtual,getstatic,arraylength,irem,5
invokevirtual,getstatic,arraylength,irem,aaload,5
iconst_0,istore,iload,bipush,if_icmpge,4
iinc,goto,iload,bipush,if_icmpge,4
invokestatic,iinc,goto,iload,bipush,4
getfield,aload_0,getfield,aload_0,getfield,3
getstatic,arraylength,irem,aaload,invokevirtual,3
goto,iload,bipush,if_icmpge,aload_2,3
iconst_0,istore,iload,aload_0,getfield,3
iinc,goto,iload,aload_0,getfield,3
iinc,goto,iload_1,aload_0,getfield,3
iload,bipush,if_icmpge,aload_2,invokestatic,3
invokespecial,invokestatic,iinc,goto,iload,3
invokestatic,iconst_0,istore,iload,bipush,3
istore,iload,bipush,if_icmpge,aload_2,3
aaload,invokevirtual,astore_2,aload_0,aload_2,2
aload_0,aload_2,getfield,invokevirtual,aload_2,2
aload_0,aload_2,invokevirtual,invokevirtual,aload_0,2
aload_0,bipush,newarray,dup,iconst_0,2
aload_0,getfield,aload_0,getfield,aload_0,2
aload_0,getfield,aload_0,getfield,arraylength,2
aload_0,getfield,aload_1,invokeinterface,goto,2
aload_0,getfield,arraylength,iconst_1,isub,2
aload_0,getfield,if_icmpge,aload_0,getfield,2
aload_0,getfield,iload_1,iinc,faload,2
aload_0,getfield,iload_2,iinc,aload_0,2
aload_0,getfield,iload_3,baload,bastore,2
aload_0,getfield,iload_3,faload,fload,2
aload_0,iconst_4,newarray,dup,iconst_0,2
aload_0,iload,invokestatic,iload,ifle,2
aload_0,new,dup,bipush,invokespecial,2
aload_2,ifnull,aload_3,ifnull,aload_2,2
aload_2,invokevirtual,goto,goto,return,2
aload_2,invokevirtual,invokevirtual,aload_0,iload,2
aload_3,ifnull,aload_2,invokevirtual,goto,2
arraylength,irem,aaload,aload_0,invokevirtual,2
arraylength,irem,aaload,invokevirtual,astore_2,2
astore,aload_3,aload,invokevirtual,goto,2
astore_2,aload_0,aload_2,getfield,invokevirtual,2
baload,bastore,iinc,goto,iload,2
bastore,dup,iconst_1,bipush,bastore,2
bastore,dup,iconst_2,bipush,bastore,2
bastore,dup,iconst_3,bipush,bastore,2
bastore,iinc,goto,iload,aload_0,2
bipush,bastore,dup,iconst_1,bipush,2
bipush,bastore,dup,iconst_2,bipush,2
bipush,bastore,dup,iconst_3,bipush,2
bipush,if_icmpge,aload_2,invokestatic,new,2
bipush,isub,istore,iload_1,iload,2
bipush,ldc,invokespecial,invokestatic,iinc,2
dastore,dup,iconst_1,ldc2_w,dastore,2
dastore,dup,iconst_2,ldc2_w,dastore,2
dastore,dup,iconst_3,ldc2_w,dastore,2
dup,iconst_0,bipush,bastore,dup,2
dup,iconst_0,ldc2_w,dastore,dup,2
dup,iconst_1,bipush,bastore,dup,2
dup,iconst_1,ldc2_w,dastore,dup,2
dup,iconst_2,bipush,bastore,dup,2
dup,iconst_2,ldc2_w,dastore,dup,2
faload,fload,fcmpg,ifge,iinc,2
faload,fstore,iconst_0,istore_3,aload_0,2
fcmpg,ifge,iinc,goto,aload_0,2
fload,fcmpg,ifge,iinc,goto,2
fstore,iconst_0,istore_3,aload_0,getfield,2
getfield,aload_0,getfield,arraylength,iconst_1,2
getfield,if_icmpge,aload_0,getfield,iload_1,2
getfield,iload_1,iinc,faload,fstore,2
getfield,iload_2,iinc,aload_0,getfield,2
getfield,iload_3,baload,bastore,iinc,2
getfield,iload_3,faload,fload,fcmpg,2
getstatic,arraylength,irem,aaload,aload_0,2
goto,aload_0,getfield,iload_3,faload,2
goto,iload,aload_0,getfield,if_icmpge,2
goto,iload_1,aload_0,getfield,if_icmpge,2
goto,iload_3,iload_1,if_icmpge,getstatic,2
iconst_0,bipush,bastore,dup,iconst_1,2
iconst_0,istore_1,iload_1,aload_0,getfield,2
iconst_0,istore_3,aload_0,getfield,iload_3,2
iconst_0,istore_3,iload_3,iload_1,if_icmpge,2
iconst_0,ldc2_w,dastore,dup,iconst_1,2
iconst_1,bipush,bastore,dup,iconst_2,2
iconst_1,ldc2_w,dastore,dup,iconst_2,2
iconst_2,bipush,bastore,dup,iconst_3,2
iconst_2,ldc2_w,dastore,dup,iconst_3,2
idiv,istore,iload,bipush,isub,2
if_icmpge,aload_0,getfield,iload_1,iinc,2
if_icmpge,aload_2,invokestatic,new,dup,2
if_icmpge,getstatic,getstatic,invokevirtual,getstatic,2
ifge,iinc,goto,aload_0,getfield,2
ifle,aload_0,invokestatic,new,dup,2
ifnull,aload_3,ifnull,aload_2,invokevirtual,2
iinc,aload_0,getfield,iload_3,baload,2
iinc,faload,fstore,iconst_0,istore_3,2
iinc,goto,aload_0,getfield,iload_3,2
iinc,goto,iload_3,iload_1,if_icmpge,2
iload,aload_0,getfield,if_icmpge,aload_0,2
iload,bipush,isub,istore,iload_1,2
iload,ifle,aload_0,invokestatic,new,2
iload,invokestatic,iload,ifle,aload_0,2
iload,ldc,imul,isub,istore,2
iload_1,if_icmpge,getstatic,getstatic,invokevirtual,2
iload_1,ifeq,aload_0,getfield,goto,2
iload_1,iinc,faload,fstore,iconst_0,2
iload_1,iload,ldc,imul,isub,2
iload_1,ldc,idiv,istore,iload,2
iload_2,iinc,aload_0,getfield,iload_3,2
iload_3,baload,bastore,iinc,goto,2
iload_3,faload,fload,fcmpg,ifge,2
iload_3,iload_1,if_icmpge,getstatic,getstatic,2
imul,isub,istore,aload_0,aload_2,2
invokestatic,iinc,goto,iload_3,iload_1,2
invokestatic,iload,ifle,aload_0,invokestatic,2
invokevirtual,aload_0,iload,invokestatic,iload,2
invokevirtual,astore_2,aload_0,aload_2,getfield,2
invokevirtual,invokevirtual,aload_0,iload,invokestatic,2
irem,aaload,aload_0,invokevirtual,return,2
irem,aaload,invokevirtual,astore_2,aload_0,2
istore,aload_0,aload_2,invokevirtual,invokevirtual,2
istore,iload,aload_0,getfield,if_icmpge,2
istore,iload,bipush,isub,istore,2
istore,iload_1,iload,ldc,imul,2
istore_3,aload_0,getfield,iload_3,faload,2
istore_3,iload_3,iload_1,if_icmpge,getstatic,2
isub,istore,aload_0,aload_2,invokevirtual,2
isub,istore,iload_1,iload,ldc,2
ldc,idiv,istore,iload,bipush,2
ldc,imul,isub,istore,aload_0,2
ldc,invokespecial,invokestatic,iinc,goto,2
ldc,invokevirtual,irem,putfield,return,2
ldc2_w,dastore,dup,iconst_1,ldc2_w,2
ldc2_w,dastore,dup,iconst_2,ldc2_w,2
ldc2_w,dastore,dup,iconst_3,ldc2_w,2
new,dup,bipush,invokespecial,putfield,2
newarray,dup,iconst_0,bipush,bastore,2
newarray,dup,iconst_0,ldc2_w,dastore,2
putfield,aload_0,iconst_4,newarray,dup,2
putstatic,new,dup,invokespecial,putstatic,2
aaload,iconst_1,invokevirtual,getstatic,iload_2,1
aaload,invokestatic,istore_1,iconst_0,istore_2,1
aaload,invokevirtual,getfield,invokevirtual,return,1
aaload,invokevirtual,iinc,goto,iload_2,1
aastore,getstatic,iload_2,aaload,iconst_1,1
aconst_null,astore_3,iconst_0,istore,iload,1
aload,arraylength,newarray,putfield,iconst_0,1
aload,iload,daload,dadd,dstore,1
aload,invokevirtual,goto,aload,athrow,1
aload,invokevirtual,goto,goto,return,1
aload_0,aload,arraylength,newarray,putfield,1
aload_0,aload_0,getfield,aload_0,getfield,1
aload_0,aload_0,getfield,invokespecial,aload_0,1
aload_0,aload_0,getfield,invokespecial,iinc,1
aload_0,aload_0,getfield,ldc,invokevirtual,1
aload_0,arraylength,ifle,aload_0,iconst_0,1
aload_0,dup,getfield,aload_0,getfield,1
aload_0,dup,getfield,iload_1,iconst_1,1
aload_0,getfield,aload_0,getfield,iconst_5,1
aload_0,getfield,aload_0,getfield,if_icmpge,1
aload_0,getfield,aload_0,getfield,iload_1,1
aload_0,getfield,arraylength,if_icmpge,dload,1
aload_0,getfield,arraylength,if_icmpge,getstatic,1
aload_0,getfield,astore,aload_0,iload_1,1
aload_0,getfield,goto,astore,aload_0,1
aload_0,getfield,goto,putfield,aload_0,1
aload_0,getfield,iadd,aload_0,getfield,1
aload_0,getfield,iadd,putfield,aload_0,1
aload_0,getfield,iconst_5,imul,iadd,1
aload_0,getfield,if_icmpge,aload_0,aload_0,1
aload_0,getfield,if_icmpge,iconst_0,istore,1
aload_0,getfield,if_icmpge,iload_1,goto,1
aload_0,getfield,ifle,aload_0,aload_0,1
aload_0,getfield,ifne,iconst_0,goto,1
aload_0,getfield,iload,bipush,bastore,1
aload_0,getfield,iload,dload,d2f,1
aload_0,getfield,iload_1,getstatic,i2f,1
aload_0,getfield,iload_1,invokestatic,aload_0,1
aload_0,getfield,invokeinterface,checkcast,areturn,1
aload_0,getfield,invokeinterface,checkcast,astore_1,1
aload_0,getfield,invokespecial,aload_0,aload_0,1
aload_0,getfield,invokespecial,iinc,goto,1
aload_0,getfield,invokevirtual,invokedynamic,invokevirtual,1
aload_0,getfield,isub,putfield,aload_0,1
aload_0,getfield,ldc,invokevirtual,isub,1
aload_0,getfield,putfield,aload_0,aload,1
aload_0,getstatic,getstatic,invokevirtual,getstatic,1
aload_0,iconst_0,aaload,invokestatic,istore_1,1
aload_0,iconst_0,putfield,iconst_0,istore_1,1
aload_0,iload,newarray,putfield,iload_1,1
aload_0,iload_1,ifeq,aload_0,getfield,1
aload_0,iload_1,iload_2,invokespecial,aload_0,1
aload_0,iload_1,putfield,iload_1,iconst_1,1
aload_0,iload_2,iload_1,idiv,putfield,1
aload_0,iload_2,iload_1,irem,putfield,1
aload_0,iload_2,iload_3,invokespecial,aload_0,1
aload_0,iload_2,putfield,aload_0,ldc,1
aload_0,iload_3,iload_2,idiv,iload_2,1
aload_0,iload_3,ldc,invokevirtual,irem,1
aload_0,iload_3,newarray,putfield,aload_0,1
aload_0,invokespecial,aload_0,iload_1,putfield,1
aload_0,invokespecial,aload_0,new,dup,1
aload_0,invokestatic,new,dup,bipush,1
aload_0,invokestatic,new,dup,iload_3,1
aload_0,ldc,iconst_0,aload_0,getfield,1
aload_0,ldc,invokevirtual,aload_0,getfield,1
aload_0,ldc,putfield,aload_0,ldc,1
aload_1,invokeinterface,goto,aload_0,getfield,1
aload_1,invokevirtual,aload_0,getfield,aload_1,1
aload_2,checkcast,invokestatic,iinc,goto,1
aload_2,getfield,invokevirtual,aload_2,checkcast,1
aload_2,getfield,invokevirtual,aload_2,invokestatic,1
aload_2,iload_1,iconst_2,imul,ldc,1
aload_2,iload_1,iconst_3,imul,ldc,1
aload_2,iload_1,iconst_5,imul,ldc,1
aload_2,invokestatic,iinc,goto,iload,1
aload_2,invokestatic,iinc,goto,iload_3,1
aload_2,invokestatic,new,dup,iconst_0,1
aload_2,invokestatic,new,dup,iconst_1,1
aload_2,invokevirtual,goto,aload,athrow,1
aload_3,aload,invokevirtual,goto,aload,1
aload_3,aload,invokevirtual,goto,goto,1
anewarray,putstatic,new,dup,invokespecial,1
arraylength,iconst_1,isub,bipush,bastore,1
arraylength,iconst_1,isub,fconst_2,fastore,1
arraylength,if_icmpge,dload,aload,iload,1
arraylength,if_icmpge,getstatic,iload_2,new,1
arraylength,if_icmpge,getstatic,sipush,imul,1
arraylength,ifle,aload_0,iconst_0,aaload,1
arraylength,irem,aaload,invokevirtual,getfield,1
arraylength,newarray,putfield,iconst_0,istore,1
astore,aload,astore_3,aload,athrow,1
astore,aload_0,iload_1,ifeq,aload_0,1
astore,aload_2,ifnull,aload_3,ifnull,1
astore_1,aload_1,invokevirtual,aload_0,getfield,1
astore_2,aconst_null,astore_3,iconst_0,istore,1
astore_3,iconst_0,istore,iload,bipush,1
bastore,dup,iconst_4,bipush,bastore,1
bastore,dup,iconst_5,bipush,bastore,1
bastore,iload,iload_3,iadd,istore,1
bastore,putfield,aload_0,bipush,newarray,1
bastore,putfield,aload_0,iconst_4,newarray,1
bipush,bastore,dup,iconst_4,bipush,1
bipush,bastore,dup,iconst_5,bipush,1
bipush,bastore,iload,iload_3,iadd,1
bipush,bastore,putfield,aload_0,bipush,1
bipush,bastore,putfield,aload_0,iconst_4,1
bipush,bipush,bastore,putfield,aload_0,1
bipush,if_icmpge,aload_2,invokestatic,iinc,1
bipush,if_icmpge,new,dup,bipush,1
bipush,iload,iload_1,iload,isub,1
bipush,iload,invokespecial,invokestatic,return,1
bipush,invokespecial,putfield,aload_0,new,1
bipush,ldc,iload,ldc,imul,1
bipush,ldc2_w,dastore,putfield,aload_0,1
bipush,newarray,dup,iconst_0,bipush,1
bipush,newarray,dup,iconst_0,ldc2_w,1
checkcast,astore_1,aload_1,invokevirtual,aload_0,1
checkcast,invokestatic,iinc,goto,iload_3,1
d2f,fastore,iinc,goto,iload,1
dadd,dstore,aload_0,getfield,iload,1
daload,dadd,dstore,aload_0,getfield,1
dastore,dup,iconst_4,ldc2_w,dastore,1
dastore,dup,iconst_5,ldc2_w,dastore,1
dastore,putfield,aload_0,iconst_4,newarray,1
dastore,putfield,dconst_0,dstore,iload_1,1
dconst_0,dstore,iload_1,ifeq,aload_0,1
dload,aload,iload,daload,dadd,1
dload,d2f,fastore,iinc,goto,1
dstore,aload_0,getfield,iload,dload,1
dstore,iload_1,ifeq,aload_0,getfield,1
dup,bipush,bipush,bastore,putfield,1
dup,bipush,iload,iload_1,iload,1
dup,bipush,invokespecial,putfield,aload_0,1
dup,bipush,invokespecial,putfield,return,1
dup,bipush,ldc,iload,ldc,1
dup,bipush,ldc2_w,dastore,putfield,1
dup,getfield,aload_0,getfield,aload_0,1
dup,getfield,iload_1,iconst_1,iadd,1
dup,iconst_0,bipush,ldc,invokespecial,1
dup,iconst_1,bipush,ldc,invokespecial,1
dup,iconst_3,bipush,bastore,dup,1
dup,iconst_3,bipush,bastore,putfield,1
dup,iconst_3,ldc2_w,dastore,dup,1
dup,iconst_3,ldc2_w,dastore,putfield,1
dup,iconst_4,bipush,bastore,dup,1
dup,iconst_4,ldc2_w,dastore,dup,1
dup,iconst_5,bipush,bastore,dup,1
dup,iconst_5,ldc2_w,dastore,dup,1
dup,iload_3,bipush,iload,invokespecial,1
dup,invokespecial,aastore,getstatic,iload_2,1
dup,invokespecial,putstatic,bipush,putstatic,1
dup,invokespecial,putstatic,new,dup,1
fastore,aload_0,iload_3,newarray,putfield,1
fastore,iinc,goto,iload,aload_0,1
fastore,iinc,goto,iload_1,aload_0,1
fconst_2,fastore,aload_0,iload_3,newarray,1
fmul,fastore,iinc,goto,iload_1,1
getfield,aload_0,getfield,iconst_5,imul,1
getfield,aload_0,getfield,if_icmpge,iload_1,1
getfield,aload_0,getfield,iload_1,invokestatic,1
getfield,aload_1,invokeinterface,goto,aload_0,1
getfield,aload_1,invokeinterface,goto,return,1
getfield,arraylength,iconst_1,isub,bipush,1
getfield,arraylength,iconst_1,isub,fconst_2,1
getfield,arraylength,if_icmpge,dload,aload,1
getfield,arraylength,if_icmpge,getstatic,sipush,1
getfield,astore,aload_0,iload_1,ifeq,1
getfield,goto,astore,aload_0,iload_1,1
getfield,goto,putfield,aload_0,aload,1
getfield,iadd,aload_0,getfield,ifne,1
getfield,iadd,putfield,aload_0,dup,1
getfield,iconst_5,imul,iadd,ldc,1
getfield,if_icmpge,aload_0,aload_0,getfield,1
getfield,if_icmpge,iconst_0,istore,iload,1
getfield,if_icmpge,iload_1,goto,iadd,1
getfield,ifle,aload_0,aload_0,getfield,1
getfield,ifne,iconst_0,goto,iadd,1
getfield,iload,bipush,bastore,iload,1
getfield,iload,dload,d2f,fastore,1
getfield,iload_1,getstatic,i2f,ldc,1
getfield,iload_1,iconst_1,iadd,iadd,1
getfield,iload_1,invokestatic,aload_0,dup,1
getfield,invokeinterface,checkcast,astore_1,aload_1,1
getfield,invokespecial,aload_0,aload_0,getfield,1
getfield,invokespecial,iinc,goto,iload_1,1
getfield,invokevirtual,aload_2,checkcast,invokestatic,1
getfield,invokevirtual,aload_2,invokestatic,iinc,1
getfield,invokevirtual,invokedynamic,invokevirtual,putfield,1
getfield,isub,putfield,aload_0,aload_0,1
getfield,ldc,invokevirtual,isub,putfield,1
getfield,putfield,aload_0,aload,arraylength,1
getstatic,arraylength,if_icmpge,getstatic,iload_2,1
getstatic,astore_2,aconst_null,astore_3,iconst_0,1
getstatic,i2f,ldc,fmul,fastore,1
getstatic,iload_2,aaload,iconst_1,invokevirtual,1
getstatic,iload_2,aaload,invokevirtual,iinc,1
getstatic,iload_2,new,dup,invokespecial,1
getstatic,sipush,imul,sipush,iadd,1
goto,aload_0,getfield,invokeinterface,checkcast,1
goto,anewarray,putstatic,new,dup,1
goto,astore,aload_0,iload_1,ifeq,1
goto,iadd,istore,iload,iconst_1,1
goto,iadd,putfield,aload_0,dup,1
goto,iload,aload_0,getfield,arraylength,1
goto,iload,bipush,if_icmpge,new,1
goto,iload,iload,if_icmpge,aload_0,1
goto,iload_1,aload_0,getfield,arraylength,1
goto,iload_2,getstatic,arraylength,if_icmpge,1
goto,putfield,aload_0,aload,arraylength,1
i2f,ldc,fmul,fastore,iinc,1
iadd,aload_0,getfield,ifne,iconst_0,1
iadd,istore,goto,iload,iload,1
iadd,istore,iload,iconst_1,isub,1
iadd,istore_3,aload_0,iload_2,iload_1,1
iadd,ldc,invokevirtual,irem,putfield,1
iadd,ldc,irem,putstatic,aload_0,1
iadd,putfield,aload_0,dup,getfield,1
iconst_0,aaload,invokestatic,istore_1,iconst_0,1
iconst_0,aload_0,getfield,invokevirtual,invokedynamic,1
iconst_0,bipush,ldc,invokespecial,invokestatic,1
iconst_0,goto,iadd,istore,iload,1
iconst_0,invokestatic,iconst_0,istore,iload,1
iconst_0,istore_1,iconst_0,istore_2,iload_1,1
iconst_0,istore_2,iload_1,aload_0,getfield,1
iconst_0,istore_2,iload_2,getstatic,arraylength,1
iconst_0,putfield,iconst_0,istore_1,iload_1,1
iconst_1,anewarray,putstatic,new,dup,1
iconst_1,bipush,ldc,invokespecial,invokestatic,1
iconst_1,iadd,iadd,putfield,return,1
iconst_1,iadd,istore,iload,iconst_1,1
iconst_1,iadd,istore_3,aload_0,iload_2,1
iconst_1,if_icmple,invokestatic,invokevirtual,iconst_1,1
iconst_1,invokestatic,iconst_0,istore,iload,1
iconst_1,invokevirtual,getstatic,iload_2,aaload,1
iconst_1,isub,bipush,bastore,return,1
iconst_1,isub,fconst_2,fastore,aload_0,1
iconst_1,isub,goto,anewarray,putstatic,1
iconst_1,isub,istore,aload_0,iload,1
iconst_2,imul,ldc,invokestatic,iconst_0,1
iconst_3,bipush,bastore,dup,iconst_4,1
iconst_3,bipush,bastore,putfield,aload_0,1
iconst_3,imul,ldc,iconst_1,invokestatic,1
iconst_3,ldc2_w,dastore,dup,iconst_4,1
iconst_3,ldc2_w,dastore,putfield,dconst_0,1
iconst_4,bipush,bastore,dup,iconst_5,1
iconst_4,ldc2_w,dastore,dup,iconst_5,1
iconst_4,newarray,dup,iconst_0,bipush,1
iconst_4,newarray,dup,iconst_0,ldc2_w,1
iconst_5,bipush,bastore,dup,bipush,1
iconst_5,imul,iadd,ldc,invokevirtual,1
iconst_5,imul,ldc,iconst_0,invokestatic,1
iconst_5,ldc2_w,dastore,dup,bipush,1
idiv,iload_2,imul,putfield,return,1
idiv,putfield,aload_0,iload_2,iload_1,1
if_icmpge,aload_0,aload_0,getfield,invokespecial,1
if_icmpge,aload_0,getfield,iload,bipush,1
if_icmpge,aload_2,invokestatic,iinc,goto,1
if_icmpge,dload,aload,iload,daload,1
if_icmpge,getstatic,iload_2,new,dup,1
if_icmpge,getstatic,sipush,imul,sipush,1
if_icmpge,iconst_0,istore,iload,aload_0,1
if_icmpge,iload_1,goto,iadd,putfield,1
if_icmpge,new,dup,bipush,ldc,1
if_icmple,invokestatic,invokevirtual,iconst_1,isub,1
ifeq,aload_0,getfield,goto,astore,1
ifeq,aload_0,getfield,goto,putfield,1
ifle,aload_0,aload_0,getfield,invokespecial,1
ifle,aload_0,iconst_0,aaload,invokestatic,1
ifne,iconst_0,goto,iadd,istore,1
ifnull,aload_2,invokevirtual,goto,aload,1
ifnull,aload_2,invokevirtual,goto,goto,1
iinc,goto,iload_2,getstatic,arraylength,1
iload,aload_0,getfield,arraylength,if_icmpge,1
iload,bipush,bastore,iload,iload_3,1
iload,bipush,if_icmpge,new,dup,1
iload,daload,dadd,dstore,aload_0,1
iload,dload,d2f,fastore,iinc,1
iload,iconst_1,isub,istore,aload_0,1
iload,if_icmpge,aload_0,getfield,iload,1
iload,iload,if_icmpge,aload_0,getfield,1
iload,iload_1,iload,isub,invokespecial,1
iload,iload_3,iadd,istore,goto,1
iload,isub,invokespecial,invokestatic,return,1
iload,ldc,imul,invokespecial,invokestatic,1
iload,newarray,putfield,iload_1,istore,1
iload_1,aload_0,getfield,arraylength,if_icmpge,1
iload_1,aload_0,getfield,if_icmpge,aload_0,1
iload_1,aload_0,getfield,if_icmpge,iconst_0,1
iload_1,getstatic,i2f,ldc,fmul,1
iload_1,goto,iadd,putfield,aload_0,1
iload_1,iconst_1,iadd,iadd,putfield,1
iload_1,iconst_1,iadd,istore_3,aload_0,1
iload_1,iconst_2,imul,ldc,invokestatic,1
iload_1,iconst_3,imul,ldc,iconst_1,1
iload_1,iconst_5,imul,ldc,iconst_0,1
iload_1,idiv,putfield,aload_0,iload_2,1
iload_1,iload,isub,invokespecial,invokestatic,1
iload_1,iload_2,invokespecial,aload_0,ldc,1
iload_1,invokestatic,aload_0,dup,getfield,1
iload_1,irem,putfield,iload_2,aload_0,1
iload_1,istore,iload,iload,if_icmpge,1
iload_1,putfield,iload_1,iconst_1,iadd,1
iload_2,aaload,iconst_1,invokevirtual,getstatic,1
iload_2,aaload,invokevirtual,iinc,goto,1
iload_2,aload_0,getfield,iadd,aload_0,1
iload_2,getstatic,arraylength,if_icmpge,getstatic,1
iload_2,idiv,iload_2,imul,putfield,1
iload_2,iload_1,idiv,putfield,aload_0,1
iload_2,iload_1,irem,putfield,iload_2,1
iload_2,iload_3,invokespecial,aload_0,bipush,1
iload_2,invokespecial,aload_0,ldc,putfield,1
iload_2,new,dup,invokespecial,aastore,1
iload_2,putfield,aload_0,ldc,iconst_0,1
iload_3,bipush,iload,invokespecial,invokestatic,1
iload_3,iadd,istore,goto,iload,1
iload_3,iload_2,idiv,iload_2,imul,1
iload_3,invokespecial,aload_0,bipush,newarray,1
iload_3,ldc,invokevirtual,irem,putfield,1
iload_3,newarray,putfield,aload_0,iload_3,1
imul,iadd,ldc,invokevirtual,irem,1
imul,invokespecial,invokestatic,iinc,goto,1
imul,ldc,iconst_0,invokestatic,iconst_0,1
imul,ldc,iconst_1,invokestatic,iconst_0,1
imul,ldc,invokestatic,iconst_0,istore,1
imul,sipush,iadd,ldc,irem,1
invokedynamic,invokevirtual,putfield,aload_0,iload_3,1
invokeinterface,checkcast,astore_1,aload_1,invokevirtual,1
invokeinterface,goto,aload_0,getfield,invokeinterface,1
invokespecial,aastore,getstatic,iload_2,aaload,1
invokespecial,aload_0,aload_0,getfield,aload_0,1
invokespecial,aload_0,bipush,newarray,dup,1
invokespecial,aload_0,iload_1,putfield,iload_1,1
invokespecial,aload_0,ldc,putfield,aload_0,1
invokespecial,aload_0,new,dup,bipush,1
invokespecial,iinc,goto,iload_1,aload_0,1
invokespecial,putfield,aload_0,new,dup,1
invokespecial,putstatic,bipush,putstatic,return,1
invokespecial,putstatic,new,dup,invokespecial,1
invokestatic,aload_0,dup,getfield,aload_0,1
invokestatic,invokevirtual,iconst_1,if_icmple,invokestatic,1
invokestatic,invokevirtual,iconst_1,isub,goto,1
invokestatic,istore_1,iconst_0,istore_2,iload_2,1
invokestatic,new,dup,bipush,iload,1
invokestatic,new,dup,iconst_0,bipush,1
invokestatic,new,dup,iconst_1,bipush,1
invokestatic,new,dup,iload_3,bipush,1
invokevirtual,aload_0,getfield,aload_1,invokeinterface,1
invokevirtual,aload_0,getfield,isub,putfield,1
invokevirtual,aload_2,checkcast,invokestatic,iinc,1
invokevirtual,aload_2,invokestatic,iinc,goto,1
invokevirtual,getstatic,iload_2,aaload,invokevirtual,1
invokevirtual,iconst_1,if_icmple,invokestatic,invokevirtual,1
invokevirtual,iconst_1,isub,goto,anewarray,1
invokevirtual,iinc,goto,iload_2,getstatic,1
invokevirtual,invokedynamic,invokevirtual,putfield,aload_0,1
invokevirtual,isub,putfield,aload_0,iload_2,1
invokevirtual,putfield,aload_0,iload_3,ldc,1
irem,aaload,invokevirtual,getfield,invokevirtual,1
irem,putfield,iload_2,aload_0,getfield,1
irem,putstatic,aload_0,getfield,iload_1,1
istore,aload_0,iload,newarray,putfield,1
istore,goto,iload,iload,if_icmpge,1
istore,iload,aload_0,getfield,arraylength,1
istore,iload,bipush,if_icmpge,new,1
istore,iload,iconst_1,isub,istore,1
istore,iload,iload,if_icmpge,aload_0,1
istore_1,aload_0,arraylength,ifle,aload_0,1
istore_1,iconst_0,istore_2,iload_1,aload_0,1
istore_1,iconst_0,istore_2,iload_2,getstatic,1
istore_1,iload_1,aload_0,getfield,arraylength,1
istore_1,iload_1,aload_0,getfield,if_icmpge,1
istore_2,iload_1,aload_0,getfield,if_icmpge,1
istore_2,iload_2,getstatic,arraylength,if_icmpge,1
istore_3,aload_0,iload_2,iload_1,idiv,1
isub,fconst_2,fastore,aload_0,iload_3,1
isub,goto,anewarray,putstatic,new,1
isub,istore,aload_0,iload,newarray,1
isub,putfield,aload_0,aload_0,getfield,1
isub,putfield,aload_0,iload_2,putfield,1
ldc,fmul,fastore,iinc,goto,1
ldc,iconst_0,aload_0,getfield,invokevirtual,1
ldc,iconst_0,invokestatic,iconst_0,istore,1
ldc,iconst_1,invokestatic,iconst_0,istore,1
ldc,iload,ldc,imul,invokespecial,1
ldc,imul,invokespecial,invokestatic,iinc,1
ldc,invokestatic,iconst_0,istore,iload,1
ldc,invokevirtual,aload_0,getfield,isub,1
ldc,invokevirtual,isub,putfield,aload_0,1
ldc,irem,putstatic,aload_0,getfield,1
ldc,putfield,aload_0,ldc,invokevirtual,1
ldc2_w,dastore,dup,iconst_4,ldc2_w,1
ldc2_w,dastore,dup,iconst_5,ldc2_w,1
ldc2_w,dastore,putfield,aload_0,iconst_4,1
ldc2_w,dastore,putfield,dconst_0,dstore,1
new,dup,bipush,iload,iload_1,1
new,dup,bipush,ldc,iload,1
new,dup,iconst_0,bipush,ldc,1
new,dup,iconst_1,bipush,ldc,1
new,dup,iload_3,bipush,iload,1
new,dup,invokespecial,aastore,getstatic,1
new,dup,invokespecial,putstatic,bipush,1
new,dup,invokespecial,putstatic,new,1
newarray,putfield,aload_0,iload_3,iload_2,1
newarray,putfield,iconst_0,istore,iload,1
newarray,putfield,iload_1,istore,iload,1
putfield,aload_0,aload,arraylength,newarray,1
putfield,aload_0,aload_0,getfield,ldc,1
putfield,aload_0,bipush,newarray,dup,1
putfield,aload_0,dup,getfield,iload_1,1
putfield,aload_0,iload_2,iload_1,irem,1
putfield,aload_0,iload_2,putfield,aload_0,1
putfield,aload_0,iload_3,iload_2,idiv,1
putfield,aload_0,iload_3,ldc,invokevirtual,1
putfield,aload_0,ldc,iconst_0,aload_0,1
putfield,aload_0,ldc,invokevirtual,aload_0,1
putfield,aload_0,new,dup,bipush,1
putfield,dconst_0,dstore,iload_1,ifeq,1
putfield,iconst_0,istore,iload,aload_0,1
putfield,iconst_0,istore_1,iload_1,aload_0,1
putfield,iload_1,iconst_1,iadd,istore_3,1
putfield,iload_1,istore,iload,iload,1
putfield,iload_2,aload_0,getfield,iadd,1
putstatic,aload_0,getfield,iload_1,getstatic,1
sipush,iadd,ldc,irem,putstatic,1
sipush,imul,sipush,iadd,ldc,1
sipush,istore_1,aload_0,arraylength,ifle,1
