invokevirtual,aload_1,ldc2_w,24
aload_0,checkcast,invokevirtual,17
aload_1,ldc2_w,aload_0,16
checkcast,invokevirtual,dmul,16
dmul,invokevirtual,aload_1,16
invokevirtual,dmul,invokevirtual,16
ldc2_w,aload_0,checkcast,16
aload_1,ldc2_w,invokevirtual,12
ldc2_w,invokevirtual,aload_1,12
dload,dload,dmul,11
aload,dup,invokevirtual,9
aload,invokevirtual,dmul,8
aload_0,getfield,iload,8
getfield,iload,aaload,8
invokevirtual,dmul,dadd,8
aload,invokevirtual,aload,7
aload_0,dload_1,putfield,7
aload_0,getfield,dreturn,7
dload,dmul,dload,7
dload_1,putfield,return,7
invokevirtual,aload,dup,7
invokevirtual,aload,invokevirtual,7
new,dup,invokespecial,7
aload,invokevirtual,dsub,6
aload_0,invokespecial,return,6
dload,dmul,dadd,6
dmul,dadd,invokevirtual,6
dmul,dload,dmul,6
dup,invokevirtual,dload,6
goto,iload,iload,6
iinc,goto,iload,6
iload,aaload,invokevirtual,6
iload,iload,if_icmpge,6
invokevirtual,dload,dload,6
istore,iload,iload,6
aload,invokevirtual,dstore,5
dup,invokespecial,astore_1,5
getstatic,invokevirtual,aastore,5
iload,aaload,astore,5
invokespecial,astore_1,aload_1,5
invokevirtual,aload_1,areturn,5
astore_1,aload_1,ldc2_w,4
dadd,invokevirtual,aload,4
dload,aload,invokevirtual,4
dstore,aload,invokevirtual,4
invokevirtual,aastore,dup,4
invokevirtual,dstore,aload,4
invokevirtual,dsub,dstore,4
aaload,astore,aload,3
aaload,invokevirtual,aload_0,3
aaload,invokevirtual,dmul,3
aload_3,iload,aaload,3
anewarray,dup,iconst_0,3
ddiv,putfield,aload_0,3
dload,dmul,dsub,3
dload_1,aload,invokevirtual,3
dmul,dadd,dstore,3
dmul,dsub,invokevirtual,3
dneg,getstatic,ddiv,3
dstore,dload,aload,3
dsub,dstore,dload,3
dsub,invokevirtual,aload,3
dup,invokevirtual,dload_1,3
getstatic,ddiv,putfield,3
getstatic,istore,iload,3
iconst_0,istore,getstatic,3
if_icmpge,aload_3,iload,3
iload,if_icmpge,aload_3,3
invokevirtual,aload_0,getfield,3
invokevirtual,dload_1,aload,3
invokevirtual,iinc,goto,3
istore,getstatic,istore,3
aaload,astore,dload,2
aastore,invokevirtual,pop,2
aconst_null,invokespecial,putstatic,2
aload_0,getfield,arraylength,2
aload_0,ldc,invokestatic,2
aload_2,invokevirtual,invokestatic,2
arraylength,istore,iload,2
astore,aload,invokevirtual,2
dadd,dload,dload,2
dadd,invokevirtual,iinc,2
dconst_0,dstore,dconst_0,2
dconst_0,dstore,iconst_0,2
dconst_0,dstore_1,dconst_0,2
dconst_0,dstore_3,dconst_0,2
dmul,aload,invokevirtual,2
dmul,dadd,dload,2
dstore,dconst_0,dstore,2
dstore,iconst_0,istore,2
dstore,iinc,goto,2
dstore,iload,iconst_1,2
dstore_1,dconst_0,dstore_3,2
dstore_3,dconst_0,dstore,2
dup,aconst_null,invokespecial,2
dup,iconst_0,aload_2,2
getfield,arraylength,istore,2
getstatic,ldc,iconst_1,2
iconst_0,aload_2,invokevirtual,2
iconst_1,anewarray,dup,2
iconst_1,iadd,istore,2
if_icmpge,aload_0,getfield,2
iload,iconst_1,iadd,2
iload,if_icmpge,aload_0,2
invokestatic,aastore,invokevirtual,2
invokevirtual,dmul,aload,2
invokevirtual,invokestatic,aastore,2
invokevirtual,pop,return,2
istore,aload_0,getfield,2
ldc,iconst_1,anewarray,2
ldc,invokestatic,aload_0,2
new,dup,aconst_null,2
putstatic,ldc2_w,putstatic,2
aaload,dload_1,dload_3,1
aaload,invokestatic,istore_1,1
aastore,dup,iconst_1,1
aastore,dup,iconst_2,1
aastore,dup,iconst_3,1
aastore,dup,iconst_4,1
aastore,putfield,dconst_0,1
aload_0,dload,dneg,1
aload_0,dload_1,dneg,1
aload_0,dload_3,dneg,1
aload_0,getfield,astore_3,1
aload_0,getfield,iconst_0,1
aload_0,iconst_0,aaload,1
aload_0,iconst_5,anewarray,1
aload_0,invokespecial,aload_0,1
aload_0,invokestatic,return,1
aload_0,putstatic,return,1
aload_1,aload_0,checkcast,1
aload_2,ldc2_w,invokevirtual,1
astore,aload,dup,1
astore,dload,aload,1
astore,dload,ldc2_w,1
astore_0,aload_0,putstatic,1
astore_1,aload_1,aload_0,1
astore_2,getstatic,ldc,1
astore_3,iconst_0,istore,1
checkcast,invokevirtual,invokevirtual,1
dadd,aload,invokevirtual,1
dadd,dmul,dadd,1
dadd,dstore,dload,1
dadd,dstore,iinc,1
dadd,dstore,iload,1
dadd,dstore_1,dload_3,1
dadd,dstore_3,dload,1
dadd,invokestatic,dstore,1
ddiv,dstore,aload,1
ddiv,dsub,dstore,1
dload,aload_0,getfield,1
dload,ddiv,dsub,1
dload,dmul,ddiv,1
dload,dneg,getstatic,1
dload,invokestatic,dstore,1
dload,invokevirtual,pop,1
dload,ldc2_w,aload,1
dload_1,aload_0,getfield,1
dload_1,dload,dload,1
dload_1,dload_1,dmul,1
dload_1,dload_3,dload,1
dload_1,dmul,dload_3,1
dload_1,dneg,getstatic,1
dload_3,aload_0,getfield,1
dload_3,dload,invokevirtual,1
dload_3,dload_3,dmul,1
dload_3,dmul,dadd,1
dload_3,dneg,getstatic,1
dmul,dadd,aload,1
dmul,dadd,dmul,1
dmul,dadd,dstore_1,1
dmul,dadd,dstore_3,1
dmul,dadd,invokestatic,1
dmul,ddiv,dstore,1
dmul,dload,ddiv,1
dmul,dload,dload,1
dmul,dload_3,dload_3,1
dmul,getstatic,dmul,1
dmul,putstatic,ldc2_w,1
dstore,aload,dup,1
dstore,dload,dload,1
dstore,dload,invokestatic,1
dstore,dload_1,dload,1
dstore,dload_1,dload_1,1
dstore_1,aload,invokevirtual,1
dstore_1,dload_3,aload_0,1
dstore_3,aload,invokevirtual,1
dstore_3,dload,aload_0,1
dsub,dstore,dload_1,1
dsub,dstore,iinc,1
dsub,dstore_1,aload,1
dsub,dstore_3,aload,1
dup,iconst_0,getstatic,1
dup,iconst_1,getstatic,1
dup,iconst_2,getstatic,1
dup,iconst_3,getstatic,1
dup,iconst_4,getstatic,1
dup,invokespecial,astore_0,1
dup,invokespecial,astore_2,1
getfield,astore_3,iconst_0,1
getfield,iconst_0,aaload,1
getstatic,dmul,getstatic,1
getstatic,dmul,putstatic,1
getstatic,iconst_1,isub,1
goto,iload_3,iload,1
iadd,istore,aload_0,1
iadd,istore,getstatic,1
iconst_0,aaload,dload_1,1
iconst_0,aaload,invokestatic,1
iconst_0,getstatic,invokevirtual,1
iconst_0,istore,aload_0,1
iconst_0,istore_3,iload_1,1
iconst_1,getstatic,invokevirtual,1
iconst_1,isub,istore,1
iconst_2,getstatic,invokevirtual,1
iconst_3,getstatic,invokevirtual,1
iconst_4,getstatic,invokevirtual,1
iconst_5,anewarray,dup,1
iconst_5,putstatic,return,1
if_icmpge,aload_2,ldc2_w,1
if_icmpge,dload_1,aload_0,1
iinc,goto,iload_3,1
iload,if_icmpge,aload_2,1
iload,if_icmpge,dload_1,1
iload_1,istore,iload_3,1
iload_3,iload,if_icmpge,1
invokespecial,aload_0,iconst_5,1
invokespecial,astore_0,aload_0,1
invokespecial,astore_2,getstatic,1
invokespecial,putstatic,iconst_5,1
invokespecial,putstatic,ldc2_w,1
invokestatic,aload_0,iconst_0,1
invokestatic,aload_0,invokestatic,1
invokestatic,dstore,dload,1
invokestatic,dstore,dload_1,1
invokestatic,istore_1,new,1
invokevirtual,aastore,putfield,1
invokevirtual,dmul,dload,1
invokevirtual,dstore,iload,1
invokevirtual,dsub,dstore_1,1
invokevirtual,dsub,dstore_3,1
invokevirtual,invokevirtual,aload_1,1
invokevirtual,pop,iconst_0,1
istore,getstatic,iconst_1,1
istore,iload_3,iload,1
istore_1,new,dup,1
istore_3,iload_1,istore,1
isub,istore,iload,1
ldc2_w,aload,invokevirtual,1
ldc2_w,getstatic,dmul,1
ldc2_w,invokevirtual,iinc,1
ldc2_w,putstatic,ldc2_w,1
ldc2_w,putstatic,return,1
pop,iconst_0,istore_3,1
putfield,aload_0,areturn,1
putfield,aload_0,dload,1
putfield,aload_0,dload_3,1
putfield,dconst_0,dstore_1,1
putstatic,iconst_5,putstatic,1
putstatic,ldc2_w,getstatic,1
